,Stocks,Industry,LastPrice,Change,PctChange,MktCap,URL,Ticker
0,Reliance Home F,Finance - Housing,5.75,0.50,9.52,279.0,https://www.moneycontrol.com/india/stockpricequote/financehousing/reliancehomefinance/RHF01,RHFL.NS
1,BF Investment,Finance - Investments,316.85,23.25,7.92,1193.0,https://www.moneycontrol.com/india/stockpricequote/financeinvestments/bfinvestment/BFI,BFINVEST.NS
2,DCB Bank,Banks - Private Sector,98.85,6.15,6.63,3075.0,https://www.moneycontrol.com/india/stockpricequote/banksprivatesector/dcbbank/DCB01,DCBBANK.NS
3,Karur Vysya,Banks - Private Sector,73.25,4.50,6.55,5862.0,https://www.moneycontrol.com/india/stockpricequote/banksprivatesector/karurvysyabank/KVB,KARURVYSYA.NS
4,Maha Rasht Apex,Finance - Leasing & Hire Purchase,88.20,5.15,6.20,124.0,https://www.moneycontrol.com/india/stockpricequote/financeleasinghirepurchase/maharashtraapexcorporation/MAC02,MAHAPEXLTD.NS
5,Network 18,Media & Entertainment,75.60,3.90,5.44,7915.0,https://www.moneycontrol.com/india/stockpricequote/mediaentertainment/network18mediainvestments/NMI,NETWORK18.NS
6,PTC India Fin,Finance - Term Lending Institutions,16.10,0.80,5.23,1034.0,https://www.moneycontrol.com/india/stockpricequote/financetermlendinginstitutions/ptcindiafinancialservices/PIF02,PFS.NS
7,DB (Int) Stock,Finance - General,23.30,1.15,5.19,82.0,https://www.moneycontrol.com/india/stockpricequote/financegeneral/dbinternationalstockbrokers/DBI,DBSTOCKBRO.NS
8,Jindal Poly Inv,Finance - General,363.95,17.30,4.99,383.0,https://www.moneycontrol.com/india/stockpricequote/financegeneral/jindalpolyinvestmentfinancecompany/JPI02,JPOLYINVST.NS
9,Rel Capital,Finance - Investments,16.00,0.75,4.92,404.0,https://www.moneycontrol.com/india/stockpricequote/financeinvestments/reliancecapital/RC,RELCAPITAL.NS
10,Urja Global,Power - Generation & Distribution,12.85,0.60,4.90,716.0,https://www.moneycontrol.com/india/stockpricequote/powergenerationdistribution/urjaglobal/UG01,URJA.NS
11,BLB,Finance - Investments,22.70,1.05,4.85,120.0,https://www.moneycontrol.com/india/stockpricequote/financeinvestments/blb/BLB,BLBLIMITED.NS
12,Kalyani Invest,Finance - Investments,1649.15,75.05,4.77,720.0,https://www.moneycontrol.com/india/stockpricequote/financeinvestments/kalyaniinvestmentcompany/KIC04,KICL.NS
13,IDFC First Bank,Banks - Private Sector,50.80,2.25,4.63,31599.0,https://www.moneycontrol.com/india/stockpricequote/banksprivatesector/idfcfirstbank/IDF01,IDFCFIRSTB.NS
14,CSL Fin,Finance - Leasing & Hire Purchase,241.90,10.65,4.61,502.0,https://www.moneycontrol.com/india/stockpricequote/financeleasinghirepurchase/cslfinance/CSL01,CSLFINANCE.NS
15,Alankit,Miscellaneous,13.70,0.60,4.58,196.0,https://www.moneycontrol.com/india/stockpricequote/miscellaneous/alankit/EGJ,ALANKIT.NS
16,Ugro Capital,Finance - General,203.10,8.85,4.56,1433.0,https://www.moneycontrol.com/india/stockpricequote/financegeneral/ugrocapital/CS08,UGROCAP.NS
17,Edelweiss,Finance - General,62.70,2.70,4.50,5913.0,https://www.moneycontrol.com/india/stockpricequote/financegeneral/edelweissfinancialservices/EC01,EDELWEISS.NS
18,SREI Infra,Finance - Leasing & Hire Purchase,4.70,0.20,4.44,236.0,https://www.moneycontrol.com/india/stockpricequote/financeleasinghirepurchase/sreiinfrastructurefinance/SRE02,SREINFRA.NS
19,AB Money,Finance - General,61.40,2.45,4.16,346.0,https://www.moneycontrol.com/india/stockpricequote/financegeneral/adityabirlamoney/ABM01,BIRLAMONEY.NS
20,Ujjivan Financi,Finance - General,205.90,7.60,3.83,2505.0,https://www.moneycontrol.com/india/stockpricequote/financegeneral/ujjivanfinancialservices/UFS01,UJJIVAN.NS
21,CDSL,Finance - Investments,1295.10,46.60,3.73,13534.0,https://www.moneycontrol.com/india/stockpricequote/financeinvestments/centraldepositoryservicesltd/CDS,CDSL.NS
22,South Ind Bk,Banks - Private Sector,8.45,0.30,3.68,1768.0,https://www.moneycontrol.com/india/stockpricequote/banksprivatesector/southindianbank/SIB,SOUTHBANK.NS
23,Keynote Finance,Finance - General,117.40,4.05,3.57,82.0,https://www.moneycontrol.com/india/stockpricequote/financegeneral/keynotefinancialservices/KCS,KEYFINSERV.NS
24,Palash Securiti,Finance - General,91.50,3.15,3.57,92.0,https://www.moneycontrol.com/india/stockpricequote/financegeneral/palashsecurities/PS19,PALASHSECU.NS
25,Guj Lease Fin,Finance - Leasing & Hire Purchase,3.00,0.10,3.45,8.0,https://www.moneycontrol.com/india/stockpricequote/financeleasinghirepurchase/gujaratleasefinancing/GLF01,GLFL.NS
26,TCI Finance,Finance - Investments,4.55,0.15,3.41,6.0,https://www.moneycontrol.com/india/stockpricequote/financeinvestments/tcifinance/TCI01,TCIFINANCE.NS
27,Federal Bank,Banks - Private Sector,123.55,4.00,3.35,26018.0,https://www.moneycontrol.com/india/stockpricequote/banksprivatesector/federalbank/FB,FEDERALBNK.NS
28,Future Consumer,Food Processing,1.70,0.05,3.03,339.0,https://www.moneycontrol.com/india/stockpricequote/foodprocessing/futureconsumer/FVI,FCONSUMER.NS
29,Bandhan Bank,Banks - Private Sector,283.85,7.75,2.81,45723.0,https://www.moneycontrol.com/india/stockpricequote/banksprivatesector/bandhanbank/BB09,BANDHANBNK.NS
30,Yes Bank,Banks - Private Sector,16.65,0.45,2.78,41717.0,https://www.moneycontrol.com/india/stockpricequote/banksprivatesector/yesbank/YB,YESBANK.NS
31,UCO Bank,Banks - Public Sector,12.25,0.30,2.51,14646.0,https://www.moneycontrol.com/india/stockpricequote/bankspublicsector/ucobank/UCO,UCOBANK.NS
32,Motor and Gen F,Finance - Leasing & Hire Purchase,28.70,0.70,2.50,111.0,https://www.moneycontrol.com/india/stockpricequote/financeleasinghirepurchase/motorgeneralfinance/MGF,MOTOGENFIN.NS
33,Karnataka Bank,Banks - Private Sector,75.30,1.75,2.38,2344.0,https://www.moneycontrol.com/india/stockpricequote/banksprivatesector/karnatakabank/KB04,KTKBANK.NS
34,L&T Finance,Finance - Investments,80.30,1.80,2.29,19882.0,https://www.moneycontrol.com/india/stockpricequote/financeinvestments/ltfinanceholdings/LFH,L&TFH.NS
35,ILandFS,Finance - Investments,6.70,0.15,2.29,210.0,https://www.moneycontrol.com/india/stockpricequote/financeinvestments/ilandfsinvestmentmanagers/ILF02,IVC.NS
36,Sundaram Fin,Finance - Leasing & Hire Purchase,2177.70,48.70,2.29,24195.0,https://www.moneycontrol.com/india/stockpricequote/financeleasinghirepurchase/sundaramfinance/SF20,SUNDARMFIN.NS
37,JK Bank,Banks - Private Sector,31.80,0.70,2.25,3058.0,https://www.moneycontrol.com/india/stockpricequote/banksprivatesector/jammukashmirbank/JKB,J&KBANK.NS
38,Wealth First Po,Finance - Investments,264.45,5.70,2.20,282.0,https://www.moneycontrol.com/india/stockpricequote/financeinvestments/wealthfirstportfoliomanagers/WFP,WEALTH.NS
39,Tata Inv Corp,Finance - Investments,1689.10,35.05,2.12,8546.0,https://www.moneycontrol.com/india/stockpricequote/financeinvestments/tatainvestmentcorporation/TIC,TATAINVEST.NS
40,Equitas Holding,Finance - General,104.30,2.15,2.10,3565.0,https://www.moneycontrol.com/india/stockpricequote/financegeneral/equitasholdings/EH03,EQUITAS.NS
41,Bank of Baroda,Banks - Public Sector,133.85,2.70,2.06,69219.0,https://www.moneycontrol.com/india/stockpricequote/bankspublicsector/bankofbaroda/BOB,BANKBARODA.NS
42,Almondz Global,Finance - Investments,90.60,1.80,2.03,235.0,https://www.moneycontrol.com/india/stockpricequote/financeinvestments/almondzglobalsecurities/AGS,ALMONDZ.NS
43,IDFC,Finance - Term Lending Institutions,69.35,1.35,1.99,11072.0,https://www.moneycontrol.com/india/stockpricequote/financetermlendinginstitutions/idfc/IDF,IDFC.NS
44,Lakshmi Finance,Finance - General,104.35,2.00,1.95,31.0,https://www.moneycontrol.com/india/stockpricequote/financegeneral/lakshmifinanceindustrialcorporation/LFI01,LFIC.NS
45,Starteck Financ,Finance - Investments,142.45,2.65,1.90,141.0,https://www.moneycontrol.com/india/stockpricequote/financeinvestments/starteckfinancelimited/NMA,STARTECK.NS
46,JM Financial,Finance - Investments,65.05,1.15,1.80,6211.0,https://www.moneycontrol.com/india/stockpricequote/financeinvestments/jmfinancial/JMF,JMFINANCIL.NS
47,LIC Housing Fin,Finance - Housing,425.55,7.50,1.79,23408.0,https://www.moneycontrol.com/india/stockpricequote/financehousing/lichousingfinance/LIC,LICHSGFIN.NS
48,RBL Bank,Banks - Private Sector,124.05,2.15,1.76,7437.0,https://www.moneycontrol.com/india/stockpricequote/banksprivatesector/rblbank/RB03,RBLBANK.NS
49,Inventure Grow,Finance - Investments,2.90,0.05,1.75,244.0,https://www.moneycontrol.com/india/stockpricequote/financeinvestments/inventuregrowthsecurities/IGS,INVENTURE.NS
50,Geojit Fin,Finance - General,46.80,0.80,1.74,1119.0,https://www.moneycontrol.com/india/stockpricequote/financegeneral/geojitfinancialservices/GBN01,GEOJITFSL.NS
51,Indo Thai Secu,Finance - General,170.00,2.85,1.71,170.0,https://www.moneycontrol.com/india/stockpricequote/financegeneral/indothaisecurities/ITS,INDOTHAI.NS
52,Coral India Fin,Finance - Housing,39.20,0.65,1.69,158.0,https://www.moneycontrol.com/india/stockpricequote/financehousing/coralindiafinancehousing/CIF02,CORALFINAC.NS
53,Manappuram Fin,Finance - Leasing & Hire Purchase,104.45,1.40,1.36,8841.0,https://www.moneycontrol.com/india/stockpricequote/financeleasinghirepurchase/manappuramfinance/MGF01,MANAPPURAM.NS
54,Central Bank,Banks - Public Sector,19.30,0.25,1.31,16754.0,https://www.moneycontrol.com/india/stockpricequote/bankspublicsector/centralbankindia/CBO01,CENTRALBK.NS
55,PNB,Banks - Public Sector,35.70,0.45,1.28,39309.0,https://www.moneycontrol.com/india/stockpricequote/bankspublicsector/punjabnationalbank/PNB05,PNB.NS
56,Best Agrolife,,1247.35,15.60,1.27,2949.0,https://www.moneycontrol.com/india/stockpricequote/bestagrolife/bestagrolife/SCL11,BESTAGRO.NS
57,IFCI,Finance - Term Lending Institutions,12.05,0.15,1.26,2534.0,https://www.moneycontrol.com/india/stockpricequote/financetermlendinginstitutions/ifci/IFC02,IFCI.NS
58,Indiabulls Hsg,Finance - Housing,134.90,1.65,1.24,6362.0,https://www.moneycontrol.com/india/stockpricequote/financehousing/indiabullshousingfinance/IHF01,IBULHSGFIN.NS
59,Emkay Global,Finance - General,86.00,1.00,1.18,212.0,https://www.moneycontrol.com/india/stockpricequote/financegeneral/emkayglobalfinancialservices/EGF,EMKAY.NS
60,Chola Invest.,,799.75,9.25,1.17,65707.0,https://www.moneycontrol.com/india/stockpricequote/cholamandalaminvestmentfinancecompany/cholamandalaminvestmentfinancecompany/CDB,CHOLAFIN.NS
61,ICICI Bank,Banks - Private Sector,882.45,10.05,1.15,614474.0,https://www.moneycontrol.com/india/stockpricequote/banksprivatesector/icicibank/ICI02,ICICIBANK.NS
62,AU Small Financ,Banks - Private Sector,651.95,6.75,1.05,43388.0,https://www.moneycontrol.com/india/stockpricequote/banksprivatesector/ausmallfinancebank/ASF02,AUBANK.NS
63,DIVOPPBEES,,45.98,0.46,1.01,37.0,https://www.moneycontrol.com/india/stockpricequote/nipponindiaetfniftydividendopportunities50/nipponindiaetfniftydividendopportunities50/RMF05,DIVOPPBEES.NS
64,Kotak Mahindra,Banks - Private Sector,1937.90,19.05,0.99,384797.0,https://www.moneycontrol.com/india/stockpricequote/banksprivatesector/kotakmahindrabank/KMB,KOTAKBANK.NS
65,Motilal Oswal,Finance - General,777.55,7.35,0.95,11592.0,https://www.moneycontrol.com/india/stockpricequote/financegeneral/motilaloswalfinancialservices/MOF01,MOTILALOFS.NS
66,Union Bank,Banks - Public Sector,42.90,0.40,0.94,29321.0,https://www.moneycontrol.com/india/stockpricequote/bankspublicsector/unionbankindia/UBI01,UNIONBANK.NS
67,Shriram Trans,Finance - Leasing & Hire Purchase,1320.80,12.20,0.93,35730.0,https://www.moneycontrol.com/india/stockpricequote/financeleasinghirepurchase/shriramtransportfinancecorporation/STF,SRTRANSFIN.NS
68,Indbank Merchan,Finance - General,22.75,0.20,0.89,101.0,https://www.moneycontrol.com/india/stockpricequote/financegeneral/indbankmerchantbankingservices/IMB,INDBANK.NS
69,Dhunseri Invest,Finance - General,655.95,5.55,0.85,400.0,https://www.moneycontrol.com/india/stockpricequote/financegeneral/dhunseriinvestments/DI27,DHUNINV.NS
70,IOB,Banks - Public Sector,17.80,0.15,0.85,33646.0,https://www.moneycontrol.com/india/stockpricequote/bankspublicsector/indianoverseasbank/IOB,IOB.NS
71,Nahar Capital,Finance - Investments,381.90,3.20,0.84,640.0,https://www.moneycontrol.com/india/stockpricequote/financeinvestments/naharcapitalfinancialservices/NCF,NAHARCAP.NS
72,Birla Nifty ETF,,19.87,0.16,0.81,4.0,https://www.moneycontrol.com/india/stockpricequote/birlasunlifeniftyetf/birlasunlifeniftyetf/BSL03,BSLNIFTY.NS
73,CPSE ETF,,37.00,0.29,0.79,6361.0,https://www.moneycontrol.com/india/stockpricequote/cpseetf/cpseetf/CPS01,CPSEETF.NS
74,Axis Bank,Banks - Private Sector,756.10,5.90,0.79,232263.0,https://www.moneycontrol.com/india/stockpricequote/banksprivatesector/axisbank/AB16,AXISBANK.NS
75,Muthoot Cap,Finance - Investments,204.15,1.55,0.77,336.0,https://www.moneycontrol.com/india/stockpricequote/financeinvestments/muthootcapitalservices/MCS02,MUTHOOTCAP.NS
76,Ganges Securiti,Finance - General,112.15,0.85,0.76,112.0,https://www.moneycontrol.com/india/stockpricequote/financegeneral/gangessecurities/GS16,GANGESSECU.NS
77,INFRABEES,,535.04,3.98,0.75,5.0,https://www.moneycontrol.com/india/stockpricequote/nipponindiaetfniftyinfrastructurebees/nipponindiaetfniftyinfrastructurebees/IBE,INFRABEES.NS
78,Kotak Nifty ETF,,187.90,1.24,0.66,42.0,https://www.moneycontrol.com/india/stockpricequote/kotakmahindramutualfundniftyetf/kotakmahindramutualfundniftyetf/KMM01,KOTAKNIFTY.NS
79,IndusInd Bank,Banks - Private Sector,1108.00,7.25,0.66,85890.0,https://www.moneycontrol.com/india/stockpricequote/banksprivatesector/indusindbank/IIB,INDUSINDBK.NS
80,HDFC Bank,Banks - Private Sector,1495.05,9.55,0.64,832129.0,https://www.moneycontrol.com/india/stockpricequote/banksprivatesector/hdfcbank/HDF01,HDFCBANK.NS
81,Shriram City,Finance - Leasing & Hire Purchase,1874.70,11.90,0.64,12523.0,https://www.moneycontrol.com/india/stockpricequote/financeleasinghirepurchase/shriramcityunionfinance/SCU,SHRIRAMCIT.NS
82,Canara Bank,Banks - Public Sector,245.30,1.50,0.62,44501.0,https://www.moneycontrol.com/india/stockpricequote/bankspublicsector/canarabank/CB06,CANBK.NS
83,Apollo Pipes,Plastics,542.55,3.10,0.57,2134.0,https://www.moneycontrol.com/india/stockpricequote/plastics/apollopipes/ALF02,APOLLOPIPE.NS
84,PNB Gilts,Finance - Investments,63.75,0.35,0.55,1148.0,https://www.moneycontrol.com/india/stockpricequote/financeinvestments/pnbgilts/PNB04,PNBGILTS.NS
85,MO M50 ETF,,177.18,0.89,0.50,535.0,https://www.moneycontrol.com/india/stockpricequote/motilaloswalm50etf/motilaloswalm50etf/MOM,MOM50.NS
86,Edelweiss ETF ,,4322.40,21.40,0.50,28.0,https://www.moneycontrol.com/india/stockpricequote/edelweissetfbank/edelweissetfbank/EET,EBANK.NS
87,IPRU NF100 ETF,,196.92,0.97,0.50,38.0,https://www.moneycontrol.com/india/stockpricequote/iciciprudentialnifty100etf/iciciprudentialnifty100etf/ICI12,ICICINF100.NS
88,HDFC,Finance - Housing,2456.25,11.90,0.49,446015.0,https://www.moneycontrol.com/india/stockpricequote/financehousing/housingdevelopmentfinancecorporation/HDF,HDFC.NS
89,AAVAS Financier,Finance - General,2287.95,11.05,0.49,18066.0,https://www.moneycontrol.com/india/stockpricequote/financegeneral/aavasfinanciers/AF17,AAVAS.NS
90,Sasta Sundar,Finance - General,351.00,1.50,0.43,1117.0,https://www.moneycontrol.com/india/stockpricequote/financegeneral/sastasundarventures/MFS,SASTASUNDR.NS
91,Can Fin Homes,Finance - Housing,638.60,2.70,0.42,8503.0,https://www.moneycontrol.com/india/stockpricequote/financehousing/canfinhomes/CFH,CANFINHOME.NS
92,Pilani Invest,Finance - General,1760.75,7.25,0.41,1950.0,https://www.moneycontrol.com/india/stockpricequote/financegeneral/pilaniinvestmentindustriescorporation/PII03,PILANIINVS.NS
93,SBI,Banks - Public Sector,538.90,2.20,0.41,480947.0,https://www.moneycontrol.com/india/stockpricequote/bankspublicsector/statebankindia/SBI,SBIN.NS
94,Bajaj Holdings,Finance - Investments,5672.75,22.80,0.40,63134.0,https://www.moneycontrol.com/india/stockpricequote/financeinvestments/bajajholdingsinvestment/BHI,BAJAJHLDNG.NS
95,Indian Bank,Banks - Public Sector,192.55,0.75,0.39,23981.0,https://www.moneycontrol.com/india/stockpricequote/bankspublicsector/indianbank/IB04,INDIANB.NS
96,Summit Sec,Finance - Investments,600.40,2.30,0.38,655.0,https://www.moneycontrol.com/india/stockpricequote/financeinvestments/summitsecurities/SS56,SUMMITSEC.NS
97,Times Guaranty,Finance - Leasing & Hire Purchase,52.45,0.20,0.38,47.0,https://www.moneycontrol.com/india/stockpricequote/financeleasinghirepurchase/timesguaranty/TG,TIMESGTY.NS
98,Nalwa Sons,Finance - General,1504.00,5.45,0.36,772.0,https://www.moneycontrol.com/india/stockpricequote/financegeneral/nalwasonsinvestment/NSI02,NSIL.NS
99,Punjab & Sind,Banks - Public Sector,15.60,0.05,0.32,10573.0,https://www.moneycontrol.com/india/stockpricequote/bankspublicsector/punjabsindbank/PSB,PSB.NS
100,VLS Finance,Finance - Leasing & Hire Purchase,146.60,0.45,0.31,567.0,https://www.moneycontrol.com/india/stockpricequote/financeleasinghirepurchase/vlsfinance/VLS,VLSFINANCE.NS
101,Bank of Mah,Banks - Public Sector,18.00,0.05,0.28,12115.0,https://www.moneycontrol.com/india/stockpricequote/bankspublicsector/bankmaharashtra/BM05,MAHABANK.NS
102,NIF100BEES,,186.95,0.51,0.27,35.0,https://www.moneycontrol.com/india/stockpricequote/nipponindiaetfnifty100/nipponindiaetfnifty100/RSC03,NIF100BEES.NS
103,Bajaj Finserv,Finance - Investments,17376.10,46.85,0.27,276768.0,https://www.moneycontrol.com/india/stockpricequote/financeinvestments/bajajfinserv/BF04,BAJAJFINSV.NS
104,LTGILTBEES,,22.70,0.06,0.27,30.0,https://www.moneycontrol.com/india/stockpricequote/nipponindiaetfnifty813yrgseclongtermgil/nipponindiaetfnifty813yrgseclongtermgil/RSL06,LTGILTBEES.NS
105,IDBI Bank,,43.30,0.10,0.23,46558.0,https://www.moneycontrol.com/india/stockpricequote/idbibank/idbibank/IDB05,IDBI.NS
106,Khandwala Sec,Finance - General,29.50,0.05,0.17,45.0,https://www.moneycontrol.com/india/stockpricequote/financegeneral/khandwalasecurities/KS15,KHANDSE.NS
107,Hexa Tradex,Finance - Investments,168.10,0.25,0.15,929.0,https://www.moneycontrol.com/india/stockpricequote/financeinvestments/hexatradex/HT03,HEXATRADEX.NS
108,DELPHI WORLD,Finance - Investments,410.95,0.60,0.15,457.0,https://www.moneycontrol.com/india/stockpricequote/financeinvestments/delphiworldmoney/WF02,DELPHIFX.NS
109,Delta Corp,Construction & Contracting - Real Estate,211.45,0.30,0.14,5655.0,https://www.moneycontrol.com/india/stockpricequote/constructioncontractingrealestate/deltacorp/DC11,DELTACORP.NS
110,MO M100 ETF,,33.45,0.04,0.12,147.0,https://www.moneycontrol.com/india/stockpricequote/motilaloswalmidcap100etf/motilaloswalmidcap100etf/MOM01,MOM100.NS
111,Bajaj Finance,,7196.20,5.85,0.08,435679.0,https://www.moneycontrol.com/india/stockpricequote/bajajfinance/bajajfinance/BAF,BAJFINANCE.NS
112,CONSUMBEES,,86.70,0.06,0.07,54.0,https://www.moneycontrol.com/india/stockpricequote/nipponindiaetfniftyindiaconsumption/nipponindiaetfniftyindiaconsumption/RMF04,CONSUMBEES.NS
113,Muthoot Finance,Finance - Investments,1030.60,0.60,0.06,41364.0,https://www.moneycontrol.com/india/stockpricequote/financeinvestments/muthootfinance/MF10,MUTHOOTFIN.NS
114,Capri Global,Finance - General,728.45,0.30,0.04,12802.0,https://www.moneycontrol.com/india/stockpricequote/financegeneral/capriglobalcapital/MMF05,CGCL.NS
115,Blue Chip,Finance - Investments,0.45,0.00,0.00,2.0,https://www.moneycontrol.com/india/stockpricequote/financeinvestments/bluechipindia/BCI02,BLUECHIP.NS
116,Visagar Polytex,Textiles - Readymade Apparels,1.30,0.00,0.00,38.0,https://www.moneycontrol.com/india/stockpricequote/textilesreadymadeapparels/visagarpolytex/VP10,VIVIDHA.NS
117,Bank of India,Banks - Public Sector,50.90,0.00,0.00,20887.0,https://www.moneycontrol.com/india/stockpricequote/bankspublicsector/bankofindia/BOI,BANKINDIA.NS
118,Centrum Capital,Finance - General,26.00,0.00,0.00,1082.0,https://www.moneycontrol.com/india/stockpricequote/financegeneral/centrumcapital/CF09,CENTRUM.NS
119,Onelife Capital,Finance - Investments,13.80,0.00,0.00,18.0,https://www.moneycontrol.com/india/stockpricequote/financeinvestments/onelifecapitaladvisors/OCA,ONELIFECAP.NS
120,Monarch Net,Finance - Investments,373.70,-0.10,-0.03,1160.0,https://www.moneycontrol.com/india/stockpricequote/financeinvestments/monarchnetworthcapital/NSB,MONARCH.NS
121,Indostar Capita,Finance - General,184.10,-0.05,-0.03,2505.0,https://www.moneycontrol.com/india/stockpricequote/financegeneral/indostarcapitalfinance/ICF,INDOSTAR.NS
122,Dhani Services,Finance - Investments,70.00,-0.05,-0.07,4270.0,https://www.moneycontrol.com/india/stockpricequote/financeinvestments/dhaniservices/IS13,DHANI.NS
123,NBI Industrial,Finance - General,1791.50,-1.55,-0.09,440.0,https://www.moneycontrol.com/india/stockpricequote/financegeneral/nbiindustrialfinancecompany/NBI02,NBIFIN.NS
124,MAS Financial S,Finance - General,752.25,-0.85,-0.11,4112.0,https://www.moneycontrol.com/india/stockpricequote/financegeneral/masfinancialservices/MFS09,MASFIN.NS
125,Nippon ETF Ha,,271.93,-0.35,-0.13,12.0,https://www.moneycontrol.com/india/stockpricequote/nipponindiaetfhangsengbees/nipponindiaetfhangsengbees/BMF01,HNGSNGBEES.NS
126,Choice Internat,Finance - General,432.95,-0.60,-0.14,2154.0,https://www.moneycontrol.com/india/stockpricequote/financegeneral/choiceinternational/CFS01,CHOICEIN.NS
127,JSW Holdings,Finance - Investments,3630.30,-6.75,-0.19,4029.0,https://www.moneycontrol.com/india/stockpricequote/financeinvestments/jswholdings/JSW,JSWHL.NS
128,Sundaram,Finance - General,78.65,-0.15,-0.19,1747.0,https://www.moneycontrol.com/india/stockpricequote/financegeneral/sundaramfinanceholdings/SFH,SUNDARMHLD.NS
129,Capital Trust,Finance - Leasing & Hire Purchase,102.50,-0.20,-0.19,168.0,https://www.moneycontrol.com/india/stockpricequote/financeleasinghirepurchase/capitaltrust/CT,CAPTRUST.NS
130,Arman Financial,Finance - Leasing & Hire Purchase,1419.40,-4.45,-0.31,1205.0,https://www.moneycontrol.com/india/stockpricequote/financeleasinghirepurchase/armanfinancialservices/AFS04,ARMANFIN.NS
131,Crest Ventures,Finance - Housing,172.85,-0.65,-0.37,492.0,https://www.moneycontrol.com/india/stockpricequote/financehousing/crestventures/SR,CREST.NS
132,Signet Ind,Finance - Investments,41.35,-0.20,-0.48,122.0,https://www.moneycontrol.com/india/stockpricequote/financeinvestments/signetindustries/SF22,SIGIND.NS
133,Industrial Inv,Finance - Investments,70.00,-0.35,-0.50,158.0,https://www.moneycontrol.com/india/stockpricequote/financeinvestments/industrialinvestmenttrust/IIT01,IITL.NS
134,Kanani Ind,Diamond Cutting & Jewellery & Precious Metals,9.95,-0.05,-0.50,98.0,https://www.moneycontrol.com/india/stockpricequote/diamondcuttingjewellerypreciousmetals/kananiindustries/KI26,KANANIIND.NS
135,Poonawalla Fin,,303.60,-1.75,-0.57,23229.0,https://www.moneycontrol.com/india/stockpricequote/poonawallafincorp/poonawallafincorp/MF20,POONAWALLA.NS
136,HDFC AMC,Finance - Investments,2001.90,-12.55,-0.62,42702.0,https://www.moneycontrol.com/india/stockpricequote/financeinvestments/hdfcassetmanagementcompany/HAM02,HDFCAMC.NS
137,City Union Bank,Banks - Private Sector,178.70,-1.40,-0.78,13216.0,https://www.moneycontrol.com/india/stockpricequote/banksprivatesector/cityunionbank/CUB,CUB.NS
138,Dhanlaxmi Bank,Banks - Private Sector,12.30,-0.10,-0.81,311.0,https://www.moneycontrol.com/india/stockpricequote/banksprivatesector/dhanlaxmibank/DB01,DHANBANK.NS
139,REC,Finance - Term Lending Institutions,106.25,-0.90,-0.84,27978.0,https://www.moneycontrol.com/india/stockpricequote/financetermlendinginstitutions/rec/REC02,RECLTD.NS
140,Tourism Finance,Finance - Term Lending Institutions,61.05,-0.65,-1.05,552.0,https://www.moneycontrol.com/india/stockpricequote/financetermlendinginstitutions/tourismfinancecorpindia/TFC,TFCILTD.NS
141,Welspun Invest,Finance - Investments,271.95,-2.95,-1.07,99.0,https://www.moneycontrol.com/india/stockpricequote/financeinvestments/welspuninvestmentscommercials/WIC01,WELINV.NS
142,GIC Housing Fin,Finance - Housing,140.90,-1.55,-1.09,759.0,https://www.moneycontrol.com/india/stockpricequote/financehousing/gichousingfinance/GIC,GICHSGFIN.NS
143,PNB Housing Fin,Finance - Housing,375.70,-4.15,-1.09,6335.0,https://www.moneycontrol.com/india/stockpricequote/financehousing/pnbhousingfinance/PHF,PNBHOUSING.NS
144,SVP Global,,36.20,-0.40,-1.09,458.0,https://www.moneycontrol.com/india/stockpricequote/svpglobaltextiles/svpglobaltextiles/SM18,SVPGLOB.NS
145,Power Finance,Finance - Term Lending Institutions,114.45,-1.45,-1.25,30216.0,https://www.moneycontrol.com/india/stockpricequote/financetermlendinginstitutions/powerfinancecorporation/PFC02,PFC.NS
146,ICICI Prudentia,Finance - General,585.05,-7.85,-1.32,84129.0,https://www.moneycontrol.com/india/stockpricequote/financegeneral/iciciprudentiallifeinsurancecompany/IPL01,ICICIPRULI.NS
147,Transwarranty,Finance - General,10.60,-0.15,-1.40,26.0,https://www.moneycontrol.com/india/stockpricequote/financegeneral/transwarrantyfinance/TF10,TFL.NS
148,Prime Sec,Finance - Investments,112.70,-1.65,-1.44,356.0,https://www.moneycontrol.com/india/stockpricequote/financeinvestments/primesecurities/PS,PRIMESECU.NS
149,IIFL Finance,Finance - General,338.55,-5.05,-1.47,12857.0,https://www.moneycontrol.com/india/stockpricequote/financegeneral/iiflfinance/II15,IIFL.NS
150,Nagreeka Cap,Finance - Investments,13.15,-0.20,-1.50,17.0,https://www.moneycontrol.com/india/stockpricequote/financeinvestments/nagreekacapitalinfrastructure/NCI,NAGREEKCAP.NS
151,Religare Enterp,Finance - Investments,151.05,-2.40,-1.56,4822.0,https://www.moneycontrol.com/india/stockpricequote/financeinvestments/religareenterprises/RE09,RELIGARE.NS
152,MO NAS100 ETF,,94.97,-1.56,-1.62,44.0,https://www.moneycontrol.com/india/stockpricequote/motilaloswalnasdaq100etf/motilaloswalnasdaq100etf/MOM02,MON100.NS
153,Consol Finvest,Finance - General,144.00,-2.45,-1.67,466.0,https://www.moneycontrol.com/india/stockpricequote/financegeneral/consolidatedfinvestholdings/CFH01,CONSOFINVT.NS
154,Dolat Algotech,,74.40,-1.45,-1.91,1309.0,https://www.moneycontrol.com/india/stockpricequote/dolatalgotech/dolatalgotech/DI11,DOLATALGO.NS
155,21st Cen Mgt,Finance - General,27.75,-0.55,-1.94,29.0,https://www.moneycontrol.com/india/stockpricequote/financegeneral/21stcenturymanagement/21C,21STCENMGM.NS
156,Paisalo Digital,Finance - Investments,72.95,-1.55,-2.08,3203.0,https://www.moneycontrol.com/india/stockpricequote/financeinvestments/paisalodigitalltd/SEI03,PAISALO.NS
157,Repco Home,Finance - Housing,237.10,-5.35,-2.21,1483.0,https://www.moneycontrol.com/india/stockpricequote/financehousing/repcohomefinance/RHF,REPCOHOME.NS
158,Hb Stockhol,Finance - Leasing & Hire Purchase,57.95,-1.50,-2.52,41.0,https://www.moneycontrol.com/india/stockpricequote/financeleasinghirepurchase/hbstockholdings/HBS,HBSL.NS
159,STEL Holdings,Finance - Investments,138.65,-3.95,-2.77,256.0,https://www.moneycontrol.com/india/stockpricequote/financeinvestments/stelholdings/STE01,STEL.NS
160,McDowell Hold,Finance - Investments,68.75,-2.05,-2.90,96.0,https://www.moneycontrol.com/india/stockpricequote/financeinvestments/mcdowellholdings/MDH,MCDHOLDING.NS
161,Arihant Super,Construction & Contracting - Real Estate,215.80,-6.50,-2.92,888.0,https://www.moneycontrol.com/india/stockpricequote/constructioncontractingrealestate/arihantsuperstructures/SMC07,ARIHANTSUP.NS
162,Optiemus Infra,Finance - Leasing & Hire Purchase,240.50,-8.15,-3.28,2064.0,https://www.moneycontrol.com/india/stockpricequote/financeleasinghirepurchase/optiemusinfracom/AF02,OPTIEMUS.NS
163,The Investment ,Finance - General,92.35,-4.70,-4.84,482.0,https://www.moneycontrol.com/india/stockpricequote/financegeneral/theinvestmenttrustindia/FFS03,THEINVEST.NS
164,Viji Finance,Finance - General,2.80,-0.15,-5.08,23.0,https://www.moneycontrol.com/india/stockpricequote/financegeneral/vijifinance/VF08,VIJIFIN.NS
165,Stampede Cap,Finance - Investments,0.65,-0.05,-7.14,15.0,https://www.moneycontrol.com/india/stockpricequote/financeinvestments/stampedecapital/BS11,STAMPEDE.NS
