,Stocks,Industry,LastPrice,Change,PctChange,MktCap,URL,Ticker
0,AJR Infra & Tol,Construction & Contracting - Civil,1.65,0.15,10.00,155.0,https://www.moneycontrol.com/india/stockpricequote/constructioncontractingcivil/ajrinfratolling/GIP01,AJRINFRA.NS
1,Sanghi Ind,Cement - Products & Building Materials,59.15,5.35,9.94,1485.0,https://www.moneycontrol.com/india/stockpricequote/cementproductsbuildingmaterials/sanghiindustries/SI04,SANGHIIND.NS
2,Cera Sanitary,Ceramics & Granite,5288.65,360.40,7.31,6878.0,https://www.moneycontrol.com/india/stockpricequote/ceramicsgranite/cerasanitaryware/CS18,CERA.NS
3,Tarmat,Construction & Contracting - Civil,62.85,4.05,6.89,134.0,https://www.moneycontrol.com/india/stockpricequote/constructioncontractingcivil/tarmat/RT06,TARMAT.NS
4,Ramky Infra,Construction & Contracting - Civil,217.60,13.80,6.77,1506.0,https://www.moneycontrol.com/india/stockpricequote/constructioncontractingcivil/ramkyinfrastructure/RI12,RAMKY.NS
5,Everest Ind,Cement - Products & Building Materials,717.55,35.70,5.24,1125.0,https://www.moneycontrol.com/india/stockpricequote/cementproductsbuildingmaterials/everestindustries/EI19,EVERESTIND.NS
6,Bigbloc Constru,,119.00,5.65,4.98,842.0,https://www.moneycontrol.com/india/stockpricequote/bigblocconstruction/bigblocconstruction/BC19,BIGBLOC.NS
7,Supreme Infra,Construction & Contracting - Civil,38.00,1.80,4.97,98.0,https://www.moneycontrol.com/india/stockpricequote/constructioncontractingcivil/supremeinfrastructureindia/SII03,SUPREMEINF.NS
8,Art Nirman,Construction & Contracting - Civil,105.65,5.00,4.97,264.0,https://www.moneycontrol.com/india/stockpricequote/constructioncontractingcivil/artnirman/AN,ARTNIRMAN.NS
9,Burnpur Cement,Cement - Major,5.45,0.25,4.81,47.0,https://www.moneycontrol.com/india/stockpricequote/cementmajor/burnpurcement/BC13,BURNPUR.NS
10,Regency Ceramic,Ceramics & Granite,17.65,0.80,4.75,47.0,https://www.moneycontrol.com/india/stockpricequote/ceramicsgranite/regencyceramics/RC04,REGENCERAM.NS
11,ITD Cementation,Construction & Contracting - Civil,114.50,5.10,4.66,1967.0,https://www.moneycontrol.com/india/stockpricequote/constructioncontractingcivil/itdcementationindia/ITD03,ITDCEM.NS
12,Andhra Cement,Cement - Major,6.75,0.30,4.65,198.0,https://www.moneycontrol.com/india/stockpricequote/cementmajor/andhracement/AC16,ANDHRACEMT.NS
13,Tantia Const,Construction & Contracting - Civil,12.50,0.55,4.60,36.0,https://www.moneycontrol.com/india/stockpricequote/constructioncontractingcivil/tantiaconstructions/TC15,TANTIACONS.NS
14,ILandFS Engg,Construction & Contracting - Civil,13.85,0.60,4.53,182.0,https://www.moneycontrol.com/india/stockpricequote/constructioncontractingcivil/ilandfsengineeringconstructioncompany/MI50,IL&FSENGG.NS
15,C & C Construct,Construction & Contracting - Civil,3.65,0.15,4.29,9.0,https://www.moneycontrol.com/india/stockpricequote/constructioncontractingcivil/ccconstructions/CCC01,CANDC.NS
16,Capacite Infra,,173.40,6.65,3.99,1177.0,https://www.moneycontrol.com/india/stockpricequote/capaciteinfraprojects/capaciteinfraprojects/CI19,CAPACITE.NS
17,Orient Bell,Ceramics & Granite,650.50,24.70,3.95,939.0,https://www.moneycontrol.com/india/stockpricequote/ceramicsgranite/orientbell/OCI,ORIENTBELL.NS
18,Anjani Cement,Cement - Mini,241.70,8.95,3.85,611.0,https://www.moneycontrol.com/india/stockpricequote/cementmini/anjaniportlandcement/APC,APCL.NS
19,Birla Corp,Cement - Major,1005.05,36.25,3.74,7739.0,https://www.moneycontrol.com/india/stockpricequote/cementmajor/birlacorporation/BC07,BIRLACORPN.NS
20,Rain Industries,Cement - Major,203.90,7.30,3.71,6858.0,https://www.moneycontrol.com/india/stockpricequote/cementmajor/rainindustries/RC12,RAIN.NS
21,Welspun Enter,Construction & Contracting - Civil,123.65,4.40,3.69,1855.0,https://www.moneycontrol.com/india/stockpricequote/constructioncontractingcivil/welspunenterprises/MSK,WELENT.NS
22,Guj Sidhee Cem,Cement - Major,39.35,1.30,3.42,352.0,https://www.moneycontrol.com/india/stockpricequote/cementmajor/gujaratsidheecement/GSC02,GSCLCEMENT.NS
23,Madhav Marbles,Ceramics & Granite,54.70,1.80,3.40,49.0,https://www.moneycontrol.com/india/stockpricequote/ceramicsgranite/madhavmarblesgranites/MMG,MADHAV.NS
24,ARSS Infra,Construction & Contracting - Civil,21.80,0.65,3.07,50.0,https://www.moneycontrol.com/india/stockpricequote/constructioncontractingcivil/arssinfrastructureprojects/AIP,ARSSINFRA.NS
25,BL Kashyap,,26.95,0.75,2.86,608.0,https://www.moneycontrol.com/india/stockpricequote/blkashyapsons/blkashyapsons/BLK,BLKASHYAP.NS
26,CCCL,Construction & Contracting - Civil,1.85,0.05,2.78,74.0,https://www.moneycontrol.com/india/stockpricequote/constructioncontractingcivil/consolidatedconstructionconsortium/CCC02,CCCL.NS
27,Unitech,Construction & Contracting - Civil,2.00,0.05,2.56,523.0,https://www.moneycontrol.com/india/stockpricequote/constructioncontractingcivil/unitech/U,UNITECH.NS
28,Kaushalya Infra,Construction & Contracting - Civil,4.10,0.10,2.50,14.0,https://www.moneycontrol.com/india/stockpricequote/constructioncontractingcivil/kaushalyainfrastructuredevelopmentcorporation/KID,KAUSHALYA.NS
29,KCP,Cement - Major,117.95,2.80,2.43,1521.0,https://www.moneycontrol.com/india/stockpricequote/cementmajor/kcp/KCP,KCP.NS
30,Asian Granito,Ceramics & Granite,68.35,1.60,2.40,866.0,https://www.moneycontrol.com/india/stockpricequote/ceramicsgranite/asiangranitoindia/AGI04,ASIANTILES.NS
31,Nitco,Ceramics & Granite,24.05,0.50,2.12,173.0,https://www.moneycontrol.com/india/stockpricequote/ceramicsgranite/nitco/N52,NITCO.NS
32,Patel Eng,Construction & Contracting - Civil,26.75,0.55,2.10,1346.0,https://www.moneycontrol.com/india/stockpricequote/constructioncontractingcivil/patelengineeringcompany/PEC,PATELENG.NS
33,Orient Cement,Cement - Major,120.85,2.25,1.90,2476.0,https://www.moneycontrol.com/india/stockpricequote/cementmajor/orientcement/OC10,ORIENTCEM.NS
34,HIL,Cement - Products & Building Materials,3692.20,67.55,1.86,2774.0,https://www.moneycontrol.com/india/stockpricequote/cementproductsbuildingmaterials/hil/HI09,HIL.NS
35,Dilip Buildcon,Construction & Contracting - Civil,245.95,4.05,1.67,3596.0,https://www.moneycontrol.com/india/stockpricequote/constructioncontractingcivil/dilipbuildcon/DB04,DBL.NS
36,Pokarna,Ceramics & Granite,555.00,8.60,1.57,1721.0,https://www.moneycontrol.com/india/stockpricequote/ceramicsgranite/pokarna/PL06,POKARNA.NS
37,Madhucon Proj,Construction & Contracting - Civil,6.70,0.10,1.52,49.0,https://www.moneycontrol.com/india/stockpricequote/constructioncontractingcivil/madhuconprojects/MP16,MADHUCON.NS
38,Noida Toll,Construction & Contracting - Civil,7.25,0.10,1.40,135.0,https://www.moneycontrol.com/india/stockpricequote/constructioncontractingcivil/noidatollbridgecompany/NTB,NOIDATOLL.NS
39,Ramcoind,Cement - Products & Building Materials,214.35,2.70,1.28,1858.0,https://www.moneycontrol.com/india/stockpricequote/cementproductsbuildingmaterials/ramcoindustries/RI26,RAMCOIND.NS
40,GPT Infra,Construction & Contracting - Civil,95.95,1.15,1.21,279.0,https://www.moneycontrol.com/india/stockpricequote/constructioncontractingcivil/gptinfraprojects/GPT01,GPTINFRA.NS
41,Simplex Infra,Construction & Contracting - Civil,72.80,0.85,1.18,416.0,https://www.moneycontrol.com/india/stockpricequote/constructioncontractingcivil/simplexinfrastructures/SI82,SIMPLEXINF.NS
42,Ashoka Buildcon,Construction & Contracting - Civil,86.10,1.00,1.18,2417.0,https://www.moneycontrol.com/india/stockpricequote/constructioncontractingcivil/ashokabuildcon/AB,ASHOKA.NS
43,Star Cement,Cement - Major,94.50,1.00,1.07,3820.0,https://www.moneycontrol.com/india/stockpricequote/cementmajor/starcement/SFC02,STARCEMENT.NS
44,Shree Cements,Cement - Major,21293.65,205.25,0.97,76829.0,https://www.moneycontrol.com/india/stockpricequote/cementmajor/shreecements/SC12,SHREECEM.NS
45,Ramco Cements,Cement - Major,755.40,7.15,0.96,17850.0,https://www.moneycontrol.com/india/stockpricequote/cementmajor/theramcocements/MC,RAMCOCEM.NS
46,India Cements,Cement - Major,232.05,1.95,0.85,7191.0,https://www.moneycontrol.com/india/stockpricequote/cementmajor/indiacements/IC,INDIACEM.NS
47,Sagar Cement,Cement - Mini,203.05,1.65,0.82,2654.0,https://www.moneycontrol.com/india/stockpricequote/cementmini/sagarcements/SC27,SAGCEM.NS
48,Hind Constr,Construction & Contracting - Civil,14.25,0.10,0.71,2156.0,https://www.moneycontrol.com/india/stockpricequote/constructioncontractingcivil/hindustanconstructioncompany/HCC,HCC.NS
49,Mahindra Life,Construction & Contracting - Civil,519.55,3.25,0.63,8029.0,https://www.moneycontrol.com/india/stockpricequote/constructioncontractingcivil/mahindralifespacedevelopers/MLD,MAHLIFE.NS
50,Ambuja Cements,Cement - Major,417.95,2.35,0.57,82990.0,https://www.moneycontrol.com/india/stockpricequote/cementmajor/ambujacements/AC18,AMBUJACEM.NS
51,Mangalam Cement,Cement - Major,345.75,1.60,0.46,951.0,https://www.moneycontrol.com/india/stockpricequote/cementmajor/mangalamcement/MC03,MANGLMCEM.NS
52,Man Infra,Construction & Contracting - Civil,99.05,0.35,0.35,3677.0,https://www.moneycontrol.com/india/stockpricequote/constructioncontractingcivil/maninfraconstruction/MI37,MANINFRA.NS
53,AGI Greenpac,,342.80,1.15,0.34,2218.0,https://www.moneycontrol.com/india/stockpricequote/agigreenpac/agigreenpac/HSI02,AGI.NS
54,Oriental Trimex,Ceramics & Granite,16.00,0.05,0.31,46.0,https://www.moneycontrol.com/india/stockpricequote/ceramicsgranite/orientaltrimex/OT6,ORIENTALTL.NS
55,Aro Granite,Ceramics & Granite,52.55,0.15,0.29,80.0,https://www.moneycontrol.com/india/stockpricequote/ceramicsgranite/arograniteindustries/AGI01,AROGRANITE.NS
56,Prism Johnson,Cement - Major,126.25,0.35,0.28,6355.0,https://www.moneycontrol.com/india/stockpricequote/cementmajor/prismjohnson/PC,PRSMJOHNSN.NS
57,PSP Projects,Construction & Contracting - Real Estate,596.35,0.80,0.13,2147.0,https://www.moneycontrol.com/india/stockpricequote/constructioncontractingrealestate/pspprojects/PP26,PSPPROJECT.NS
58,Shree Digvijay,Cement - Major,68.20,0.05,0.07,982.0,https://www.moneycontrol.com/india/stockpricequote/cementmajor/shreedigvijaycementcompany/SDC,SHREDIGCEM.NS
59,IRB InvIT,Construction & Contracting - Civil,56.29,0.02,0.04,3268.0,https://www.moneycontrol.com/india/stockpricequote/constructioncontractingcivil/irbinvit/II04,IRBINVIT.NS
60,Barak Vally Cem,Cement - Major,24.70,0.00,0.00,55.0,https://www.moneycontrol.com/india/stockpricequote/cementmajor/barakvallycements/BVC,BVCL.NS
61,IFGL Refractory,Cement - Products & Building Materials,263.35,0.00,0.00,949.0,https://www.moneycontrol.com/india/stockpricequote/cementproductsbuildingmaterials/ifglrefractories/IFG,IFGLEXPOR.NS
62,KBC Global,,2.40,0.00,0.00,148.0,https://www.moneycontrol.com/india/stockpricequote/kbcglobal/kbcglobal/KC19,KBCGLOBAL.NS
63,ACC,Cement - Major,2288.15,-1.90,-0.08,42969.0,https://www.moneycontrol.com/india/stockpricequote/cementmajor/acc/ACC06,ACC.NS
64,NCC,Construction & Contracting - Civil,74.20,-0.10,-0.13,4659.0,https://www.moneycontrol.com/india/stockpricequote/constructioncontractingcivil/ncc/NCC01,NCC.NS
65,Visaka Ind,Cement - Products & Building Materials,597.00,-0.95,-0.16,1032.0,https://www.moneycontrol.com/india/stockpricequote/cementproductsbuildingmaterials/visakaindustries/VI11,VISAKAIND.NS
66,J. K. Cement,Cement - Major,2699.70,-5.55,-0.21,20860.0,https://www.moneycontrol.com/india/stockpricequote/cementmajor/jkcement/JKC03,JKCEMENT.NS
67,NCL Industries,Cement - Mini,183.85,-0.45,-0.24,832.0,https://www.moneycontrol.com/india/stockpricequote/cementmini/nclindustries/NCL,NCLIND.NS
68,JMC Projects,Construction & Contracting - Civil,98.75,-0.25,-0.25,1658.0,https://www.moneycontrol.com/india/stockpricequote/constructioncontractingcivil/jmcprojectsindia/JMC,JMCPROJECT.NS
69,J Kumar Infra,Construction & Contracting - Civil,289.60,-0.75,-0.26,2191.0,https://www.moneycontrol.com/india/stockpricequote/constructioncontractingcivil/jkumarinfraprojects/KI01,JKIL.NS
70,Murudeshwar Cer,Ceramics & Granite,29.10,-0.10,-0.34,176.0,https://www.moneycontrol.com/india/stockpricequote/ceramicsgranite/murudeshwarceramics/MC13,MURUDCERA.NS
71,MBL Infra,Construction & Contracting - Civil,18.10,-0.10,-0.55,190.0,https://www.moneycontrol.com/india/stockpricequote/constructioncontractingcivil/mblinfrastructures/MI06,MBLINFRA.NS
72,KNR Construct,Construction & Contracting - Civil,254.50,-1.45,-0.57,7157.0,https://www.moneycontrol.com/india/stockpricequote/constructioncontractingcivil/knrconstructions/KC13,KNRCON.NS
73,JK Lakshmi Cem,Cement - Major,468.05,-2.70,-0.57,5508.0,https://www.moneycontrol.com/india/stockpricequote/cementmajor/jklakshmicement/JKL01,JKLAKSHMI.NS
74,Indian Hume,Cement - Products & Building Materials,173.70,-1.15,-0.66,842.0,https://www.moneycontrol.com/india/stockpricequote/cementproductsbuildingmaterials/indianhumepipecompany/IHP,INDIANHUME.NS
75,Deccan Cements,Cement - Mini,515.65,-3.85,-0.74,722.0,https://www.moneycontrol.com/india/stockpricequote/cementmini/deccancements/DC,DECCANCE.NS
76,Gayatri Project,Construction & Contracting - Civil,13.30,-0.10,-0.75,249.0,https://www.moneycontrol.com/india/stockpricequote/constructioncontractingcivil/gayatriprojects/GP10,GAYAPROJ.NS
77,Kakatiya Cement,Cement - Mini,203.70,-1.70,-0.83,158.0,https://www.moneycontrol.com/india/stockpricequote/cementmini/kakatiyacements/KC01,KAKATCEM.NS
78,UltraTechCement,Cement - Major,6521.95,-55.55,-0.84,188270.0,https://www.moneycontrol.com/india/stockpricequote/cementmajor/ultratechcement/UTC01,ULTRACEMCO.NS
79,Ahluwalia,Construction & Contracting - Civil,430.90,-4.50,-1.03,2886.0,https://www.moneycontrol.com/india/stockpricequote/constructioncontractingcivil/ahluwaliacontractsindia/ACI12,AHLUCONT.NS
80,Heidelberg Cem,Cement - Major,186.10,-2.40,-1.27,4217.0,https://www.moneycontrol.com/india/stockpricequote/cementmajor/heidelbergcementindia/HCI02,HEIDELBERG.NS
81,Somany Ceramics,Ceramics & Granite,621.25,-8.45,-1.34,2639.0,https://www.moneycontrol.com/india/stockpricequote/ceramicsgranite/somanyceramics/SC49,SOMANYCERA.NS
82,RPP Infra Proj,Construction & Contracting - Civil,42.30,-0.65,-1.51,159.0,https://www.moneycontrol.com/india/stockpricequote/constructioncontractingcivil/rppinfraprojects/RIP01,RPPINFRA.NS
83,RHI Magnesita,Cement - Products & Building Materials,613.65,-9.65,-1.55,9880.0,https://www.moneycontrol.com/india/stockpricequote/cementproductsbuildingmaterials/rhimagnesitaindia/OR01,RHIM.NS
84,Kajaria Ceramic,Ceramics & Granite,1134.50,-20.95,-1.81,18065.0,https://www.moneycontrol.com/india/stockpricequote/ceramicsgranite/kajariaceramics/KC06,KAJARIACER.NS
85,Vesuvius India,Cement - Products & Building Materials,1428.95,-26.45,-1.82,2900.0,https://www.moneycontrol.com/india/stockpricequote/cementproductsbuildingmaterials/vesuviusindia/VI06,VESUVIUS.NS
86,SPML Infra,Construction & Contracting - Civil,43.50,-1.00,-2.25,198.0,https://www.moneycontrol.com/india/stockpricequote/constructioncontractingcivil/spmlinfra/SPM05,SPMLINFRA.NS
87,Setubandhan Inf,Construction & Contracting - Civil,2.00,-0.05,-2.44,25.0,https://www.moneycontrol.com/india/stockpricequote/constructioncontractingcivil/setubandhaninfrastructure/PC02,SETUINFRA.NS
88,Univastu India,Construction & Contracting - Civil,78.65,-2.00,-2.48,89.0,https://www.moneycontrol.com/india/stockpricequote/constructioncontractingcivil/univastuindia/UI21,UNIVASTU.NS
89,Rajdarshan Ind,Ceramics & Granite,34.20,-1.05,-2.98,11.0,https://www.moneycontrol.com/india/stockpricequote/ceramicsgranite/rajdarshanindustries/RI01,ARENTERP.NS
