,Stocks,Industry,LastPrice,Change,PctChange,MktCap,URL,Ticker
0,Suzlon Energy,Power - Generation & Distribution,10.55,1.75,19.89,10327.0,https://www.moneycontrol.com/india/stockpricequote/powergenerationdistribution/suzlonenergy/SE17,SUZLON.NS
1,Macpower,Machine Tools,278.20,35.50,14.63,278.0,https://www.moneycontrol.com/india/stockpricequote/machinetools/macpowercncmachines/MCM03,MACPOWER.NS
2,Bharat Wire Rop,Steel - Medium & Small,113.85,14.20,14.25,733.0,https://www.moneycontrol.com/india/stockpricequote/steelmediumsmall/bharatwireropes/BWR01,BHARATWIRE.NS
3,Swelect Energy,Electric Equipment,350.85,40.60,13.09,532.0,https://www.moneycontrol.com/india/stockpricequote/electricequipment/swelectenergysystems/NPS,SWELECTES.NS
4,Rel Ind Infra,Infrastructure - General,1215.30,113.85,10.34,1835.0,https://www.moneycontrol.com/india/stockpricequote/infrastructuregeneral/relianceindustrialinfrastructure/RII,RIIL.NS
5,Manaksia Coated,Steel - Medium & Small,25.05,2.20,9.63,164.0,https://www.moneycontrol.com/india/stockpricequote/steelmediumsmall/manaksiacoatedmetalsindustries/MCM02,MANAKCOAT.NS
6,Shanthi Gears,Auto Ancillaries,312.45,26.30,9.19,2397.0,https://www.moneycontrol.com/india/stockpricequote/autoancillaries/shanthigears/SG04,SHANTIGEAR.NS
7,Universal Cable,Cables - Power & Others,228.20,17.20,8.15,792.0,https://www.moneycontrol.com/india/stockpricequote/cablespowerothers/universalcables/UC,UNIVCABLES.NS
8,Triveni Turbine,Electric Equipment,231.25,17.30,8.09,7476.0,https://www.moneycontrol.com/india/stockpricequote/electricequipment/triveniturbine/TT14,TRITURBINE.NS
9,Jaiprakash Asso,Infrastructure - General,10.15,0.70,7.41,2491.0,https://www.moneycontrol.com/india/stockpricequote/infrastructuregeneral/jaiprakashassociates/JA02,JPASSOCIAT.NS
10,A2Z Infra Eng,Power - Transmission & Equipment,13.20,0.90,7.32,232.0,https://www.moneycontrol.com/india/stockpricequote/powertransmissionequipment/a2zinfraengineering/AME02,A2ZINFRA.NS
11,Salzer Electro,Electric Equipment,253.70,16.40,6.91,405.0,https://www.moneycontrol.com/india/stockpricequote/electricequipment/salzerelectronics/SE01,SALZERELEC.NS
12,HBL Power,Electric Equipment,93.15,5.50,6.27,2582.0,https://www.moneycontrol.com/india/stockpricequote/electricequipment/hblpowersystems/HBL02,HBLPOWER.NS
13,EngineersInd,Infrastructure - General,71.90,4.10,6.05,4041.0,https://www.moneycontrol.com/india/stockpricequote/infrastructuregeneral/engineersindia/EI14,ENGINERSIN.NS
14,Schaeffler Ind,Bearings,3320.30,178.60,5.68,51898.0,https://www.moneycontrol.com/india/stockpricequote/bearings/schaefflerindia/FAG,SCHAEFFLER.NS
15,Manugraph Ind,Engineering,15.90,0.75,4.95,48.0,https://www.moneycontrol.com/india/stockpricequote/engineering/manugraphindustries/MI08,MANUGRAPH.NS
16,Kirl Electric,Electric Equipment,45.80,2.15,4.93,304.0,https://www.moneycontrol.com/india/stockpricequote/electricequipment/kirloskarelectricco/KEC02,KECL.NS
17,HEC Infra Proje,Engineering,29.35,1.35,4.82,30.0,https://www.moneycontrol.com/india/stockpricequote/engineering/hecinfraprojects/HIP,HECPROJECT.NS
18,SKIL Infra,Infrastructure - General,3.45,0.15,4.55,75.0,https://www.moneycontrol.com/india/stockpricequote/infrastructuregeneral/skilinfrastructure/SKI,SKIL.NS
19,Transwind Infra,Infrastructure - General,8.20,0.35,4.46,5.0,https://www.moneycontrol.com/india/stockpricequote/infrastructuregeneral/transwindinfrastructures/TI24,TRANSWIND.NS
20,Bharat Bijlee,Electric Equipment,2027.65,86.05,4.43,1146.0,https://www.moneycontrol.com/india/stockpricequote/electricequipment/bharatbijlee/BB,BBL.NS
21,Mcnally Bh Engg,Engineering,3.65,0.15,4.29,77.0,https://www.moneycontrol.com/india/stockpricequote/engineering/mcnallybharatengineering/MBE,MBECL.NS
22,HG Infra Engg,Infrastructure - General,623.90,24.85,4.15,4066.0,https://www.moneycontrol.com/india/stockpricequote/infrastructuregeneral/hginfraengineeringltd/HIE,HGINFRA.NS
23,Dynamatic Tech,Pumps,2329.05,90.50,4.04,1477.0,https://www.moneycontrol.com/india/stockpricequote/pumps/dynamatictechnologies/DT05,DYNAMATECH.NS
24,GMM Pfaudler,Engineering - Heavy,1899.55,73.75,4.04,8330.0,https://www.moneycontrol.com/india/stockpricequote/engineeringheavy/gmmpfaudler/GMM01,GMMPFAUDLR.NS
25,Va Tech Wabag,Infrastructure - General,279.80,10.20,3.78,1740.0,https://www.moneycontrol.com/india/stockpricequote/infrastructuregeneral/vatechwabag/VTW,WABAG.NS
26,Action Const,Engineering - Heavy,298.65,10.75,3.73,3556.0,https://www.moneycontrol.com/india/stockpricequote/engineeringheavy/actionconstructionequipment/ACE3,ACE.NS
27,B C Power Contr,Cables - Power & Others,6.15,0.20,3.36,36.0,https://www.moneycontrol.com/india/stockpricequote/cablespowerothers/bcpowercontrols/PC13,BCP.NS
28,Ahlada Engineer,,123.00,4.00,3.36,159.0,https://www.moneycontrol.com/india/stockpricequote/ahladaengineers/ahladaengineers/AE21,AHLADA.NS
29,Texmaco Rail,Infrastructure - General,51.05,1.65,3.34,1643.0,https://www.moneycontrol.com/india/stockpricequote/infrastructuregeneral/texmacorailengineering/TRE,TEXRAIL.NS
30,Esab India,Electrodes & Graphite,3335.80,106.95,3.31,5135.0,https://www.moneycontrol.com/india/stockpricequote/electrodesgraphite/esabindia/EI06,ESABINDIA.NS
31,Cords Cable Ind,Cables - Power & Others,67.00,1.95,3.00,87.0,https://www.moneycontrol.com/india/stockpricequote/cablespowerothers/cordscableindustries/CCI07,CORDSCABLE.NS
32,GE Power India,Power - Transmission & Equipment,156.50,4.50,2.96,1052.0,https://www.moneycontrol.com/india/stockpricequote/powertransmissionequipment/gepowerindia/AP29,GEPIL.NS
33,IRB Infra,Infrastructure - General,240.90,6.85,2.93,14548.0,https://www.moneycontrol.com/india/stockpricequote/infrastructuregeneral/irbinfrastructuredevelopers/IID01,IRB.NS
34,Dynamic Cables,Cables - Power & Others,168.45,4.70,2.87,371.0,https://www.moneycontrol.com/india/stockpricequote/cablespowerothers/dynamiccables/DC13,DYCL.NS
35,Latteys Industr,Pumps,82.00,2.20,2.76,38.0,https://www.moneycontrol.com/india/stockpricequote/pumps/latteysindustries/LI13,LATTEYS.NS
36,Kirloskar Oil,Engines,231.60,6.20,2.75,3350.0,https://www.moneycontrol.com/india/stockpricequote/engines/kirloskaroilengines/KOE03,KIRLOSENG.NS
37,Punj Lloyd,Infrastructure - General,1.95,0.05,2.63,65.0,https://www.moneycontrol.com/india/stockpricequote/infrastructuregeneral/punjlloyd/PL9,PUNJLLOYD.NS
38,HPL Electric & ,Electric Equipment,73.85,1.80,2.50,475.0,https://www.moneycontrol.com/india/stockpricequote/electricequipment/hplelectricpower/HEP,HPL.NS
39,Sadbhav Engg,Infrastructure - General,14.95,0.35,2.40,256.0,https://www.moneycontrol.com/india/stockpricequote/infrastructuregeneral/sadbhavengineering/SE19,SADBHAV.NS
40,Supreme Enginee,,2.15,0.05,2.38,54.0,https://www.moneycontrol.com/india/stockpricequote/supremeengineering/supremeengineering/SE26,SUPREMEENG.NS
41,BGR Energy,Infrastructure - General,83.40,1.90,2.33,602.0,https://www.moneycontrol.com/india/stockpricequote/infrastructuregeneral/bgrenergysystems/BES,BGRENERGY.NS
42,Indo Tech Trans,Power - Transmission & Equipment,192.85,4.35,2.31,205.0,https://www.moneycontrol.com/india/stockpricequote/powertransmissionequipment/indotechtransformers/ITT02,INDOTECH.NS
43,ILandFS Trans,Infrastructure - General,4.45,0.10,2.30,146.0,https://www.moneycontrol.com/india/stockpricequote/infrastructuregeneral/ilandfstransportationnetworks/ITN,IL&FSTRANS.NS
44,Hercules Hoists,Engineering,162.55,3.50,2.20,520.0,https://www.moneycontrol.com/india/stockpricequote/engineering/herculeshoists/HH01,HERCULES.NS
45,KEI Industries,Cables - Power & Others,1474.30,30.10,2.08,13297.0,https://www.moneycontrol.com/india/stockpricequote/cablespowerothers/keiindustries/KEI,KEI.NS
46,Menon Bearings,Bearings,93.70,1.90,2.07,525.0,https://www.moneycontrol.com/india/stockpricequote/bearings/menonbearings/MB01,MENONBE.NS
47,BHEL,Infrastructure - General,60.50,1.20,2.02,21066.0,https://www.moneycontrol.com/india/stockpricequote/infrastructuregeneral/bharatheavyelectricals/BHE,BHEL.NS
48,Bright Solar,,5.25,0.10,1.94,11.0,https://www.moneycontrol.com/india/stockpricequote/brightsolar/brightsolar/BS05,BRIGHT.NS
49,Texmaco Infra,Infrastructure - General,61.45,1.10,1.82,783.0,https://www.moneycontrol.com/india/stockpricequote/infrastructuregeneral/texmacoinfrastructureholdings/T02,TEXINFRA.NS
50,NRB Bearings,Bearings,164.15,2.90,1.80,1591.0,https://www.moneycontrol.com/india/stockpricequote/bearings/nrbbearings/NRB,NRBBEARING.NS
51,Jyoti Structure,Power - Transmission & Equipment,19.85,0.35,1.79,1260.0,https://www.moneycontrol.com/india/stockpricequote/powertransmissionequipment/jyotistructures/JS03,JYOTISTRUC.NS
52,Roto Pumps,Pumps,467.15,8.10,1.76,734.0,https://www.moneycontrol.com/india/stockpricequote/pumps/rotopumps/RP17,ROTO.NS
53,Titagarh Wagons,Infrastructure - General,167.95,2.70,1.63,2008.0,https://www.moneycontrol.com/india/stockpricequote/infrastructuregeneral/titagarhwagons/TW04,TWL.NS
54,Larsen,Infrastructure - General,1968.35,27.85,1.44,276591.0,https://www.moneycontrol.com/india/stockpricequote/infrastructuregeneral/larsentoubro/LT,LT.NS
55,Ingersoll Rand,Compressors,2022.10,28.60,1.43,6383.0,https://www.moneycontrol.com/india/stockpricequote/compressors/ingersollrandindia/IRI01,INGERRAND.NS
56,Sadbhav Infra,Infrastructure - General,7.10,0.10,1.43,250.0,https://www.moneycontrol.com/india/stockpricequote/infrastructuregeneral/sadbhavinfrastructureprojects/SIP,SADBHIN.NS
57,Timken,Bearings,3276.65,44.90,1.39,24647.0,https://www.moneycontrol.com/india/stockpricequote/bearings/timkenindia/TI23,TIMKEN.NS
58,Windsor,Engineering - Heavy,37.95,0.50,1.34,246.0,https://www.moneycontrol.com/india/stockpricequote/engineeringheavy/windsormachines/WM01,WINDMACHIN.NS
59,Eimco Elecon,Engineering - Heavy,376.05,4.80,1.29,217.0,https://www.moneycontrol.com/india/stockpricequote/engineeringheavy/eimcoeleconindia/EEI,EIMCOELECO.NS
60,Electrotherm,Engineering,83.80,1.05,1.27,107.0,https://www.moneycontrol.com/india/stockpricequote/engineering/electrothermindia/EI02,ELECTHERM.NS
61,De Nora India,Electric Equipment,719.70,8.45,1.19,382.0,https://www.moneycontrol.com/india/stockpricequote/electricequipment/denoraindia/DNI,DENORA.NS
62,Transformers,Power - Transmission & Equipment,40.50,0.45,1.12,537.0,https://www.moneycontrol.com/india/stockpricequote/powertransmissionequipment/transformersrectifiersindia/TRI,TRIL.NS
63,Garden Reach Sh,Engineering - Heavy,313.45,3.35,1.08,3591.0,https://www.moneycontrol.com/india/stockpricequote/engineeringheavy/gardenreachshipbuildersengineers/GRS01,GRSE.NS
64,Elgi Equipments,Compressors,538.45,5.50,1.03,17064.0,https://www.moneycontrol.com/india/stockpricequote/compressors/elgiequipments/EE01,ELGIEQUIP.NS
65,Polycab,Cables - Power & Others,2498.85,25.40,1.03,37392.0,https://www.moneycontrol.com/india/stockpricequote/cablespowerothers/polycabindia/PI44,POLYCAB.NS
66,NBCC (India),Infrastructure - General,34.60,0.35,1.02,6228.0,https://www.moneycontrol.com/india/stockpricequote/infrastructuregeneral/nbccindia/NBC01,NBCC.NS
67,Gujarat Apollo,Engineering - Heavy,190.85,1.80,0.95,225.0,https://www.moneycontrol.com/india/stockpricequote/engineeringheavy/gujaratapolloindustries/GAI03,GUJAPOLLO.NS
68,Indian Card,Textiles - Machinery,229.05,2.10,0.93,136.0,https://www.moneycontrol.com/india/stockpricequote/textilesmachinery/indiancardclothing/ICC01,INDIANCARD.NS
69,Swaraj Engines,Engines,1596.65,14.30,0.90,1939.0,https://www.moneycontrol.com/india/stockpricequote/engines/swarajengines/SE,SWARAJENG.NS
70,Thermax,Infrastructure - General,2419.95,21.20,0.88,28835.0,https://www.moneycontrol.com/india/stockpricequote/infrastructuregeneral/thermax/T,THERMAX.NS
71,NRB Industrial,Bearings,22.95,0.20,0.88,56.0,https://www.moneycontrol.com/india/stockpricequote/bearings/nrbindustrialbearings/NRB01,NIBL.NS
72,Mazda,Engineering,603.10,5.15,0.86,242.0,https://www.moneycontrol.com/india/stockpricequote/engineering/mazda/M14,MAZDA.NS
73,Cummins,Engines,1211.45,9.85,0.82,33581.0,https://www.moneycontrol.com/india/stockpricequote/engines/cumminsindia/CI02,CUMMINSIND.NS
74,Kalpataru Power,Power - Transmission & Equipment,404.05,3.20,0.80,6017.0,https://www.moneycontrol.com/india/stockpricequote/powertransmissionequipment/kalpatarupowertransmission/KPT,KALPATPOWR.NS
75,Siemens,Infrastructure - General,2935.40,21.50,0.74,104536.0,https://www.moneycontrol.com/india/stockpricequote/infrastructuregeneral/siemens/S,SIEMENS.NS
76,TD Power System,Engineering - Heavy,600.55,4.20,0.70,1869.0,https://www.moneycontrol.com/india/stockpricequote/engineeringheavy/tdpowersystems/TPS01,TDPOWERSYS.NS
77,Lakshmi Machine,Textiles - Machinery,12503.10,87.15,0.70,13357.0,https://www.moneycontrol.com/india/stockpricequote/textilesmachinery/lakshmimachineworks/LMW,LAXMIMACH.NS
78,Kirloskar Bros,Pumps,334.45,1.85,0.56,2656.0,https://www.moneycontrol.com/india/stockpricequote/pumps/kirloskarbrothers/KB02,KIRLOSBROS.NS
79,Kirloskar Ind,,1590.00,8.60,0.54,1559.0,https://www.moneycontrol.com/india/stockpricequote/kirloskarindustries/kirloskarindustries/KOE,KIRLOSIND.NS
80,Graphite India,Electrodes & Graphite,408.45,2.15,0.53,7980.0,https://www.moneycontrol.com/india/stockpricequote/electrodesgraphite/graphiteindia/GI13,GRAPHITE.NS
81,Shakti Pumps,Pumps,549.45,2.30,0.42,1010.0,https://www.moneycontrol.com/india/stockpricequote/pumps/shaktipumpsindia/SPI08,SHAKTIPUMP.NS
82,Veto Switch,Electric Equipment,107.60,0.45,0.42,206.0,https://www.moneycontrol.com/india/stockpricequote/electricequipment/vetoswitchgearscables/VSC01,VETO.NS
83,Pitti Engineeri,Engineering,319.95,1.25,0.39,1025.0,https://www.moneycontrol.com/india/stockpricequote/engineering/pittiengineering/PL,PITTIENG.NS
84,Sanghvi Movers,Engineering - Heavy,253.25,0.85,0.34,1096.0,https://www.moneycontrol.com/india/stockpricequote/engineeringheavy/sanghvimovers/SM10,SANGHVIMOV.NS
85,LG Balakrishnan,Auto Ancillaries,710.65,2.20,0.31,2231.0,https://www.moneycontrol.com/india/stockpricequote/autoancillaries/lgbalakrishnanbrothers/LGB,LGBBROSLTD.NS
86,Bharat Road Net,Infrastructure - General,33.75,0.10,0.30,283.0,https://www.moneycontrol.com/india/stockpricequote/infrastructuregeneral/bharatroadnetwork/BRN,BRNL.NS
87,Greaves Cotton,Engines,175.10,0.50,0.29,4055.0,https://www.moneycontrol.com/india/stockpricequote/engines/greavescotton/GC20,GREAVESCOT.NS
88,Diamond Power,Cables - Power & Others,1.95,0.00,0.00,53.0,https://www.moneycontrol.com/india/stockpricequote/cablespowerothers/diamondpowerinfrastructure/DC05,DIAPOWER.NS
89,IMP Powers,Electric Equipment,7.40,0.00,0.00,6.0,https://www.moneycontrol.com/india/stockpricequote/electricequipment/imppowers/IMP02,INDLMETER.NS
90,Ujaas Energy,Power - Transmission & Equipment,3.10,0.00,0.00,62.0,https://www.moneycontrol.com/india/stockpricequote/powertransmissionequipment/ujaasenergy/S18,UJAAS.NS
91,SEPC,,8.95,0.00,0.00,1134.0,https://www.moneycontrol.com/india/stockpricequote/sepc/sepc/SE21,SEPC.NS
92,WS Industries,Electric Equipment,14.40,0.00,0.00,44.0,https://www.moneycontrol.com/india/stockpricequote/electricequipment/wsindustries/WSI,WSI.NS
93,Wendt,Abrasives,7773.35,-4.25,-0.05,1555.0,https://www.moneycontrol.com/india/stockpricequote/abrasives/wendtindia/WI05,WENDT.NS
94,KSB Pumps,Pumps,1942.50,-1.60,-0.08,6761.0,https://www.moneycontrol.com/india/stockpricequote/pumps/ksb/KSB,KSB.NS
95,Adani Ports,Infrastructure - General,850.90,-1.05,-0.12,179742.0,https://www.moneycontrol.com/india/stockpricequote/infrastructuregeneral/adaniportsspecialeconomiczone/MPS,ADANIPORTS.NS
96,CG Power ,Electric Equipment,219.70,-0.35,-0.16,33550.0,https://www.moneycontrol.com/india/stockpricequote/electricequipment/cgpowerindustrialsolutions/CG,CGPOWER.NS
97,Havells India,Electric Equipment,1379.80,-2.50,-0.18,86446.0,https://www.moneycontrol.com/india/stockpricequote/electricequipment/havellsindia/HI01,HAVELLS.NS
98,KEC Intl,Power - Transmission & Equipment,401.80,-0.95,-0.24,10330.0,https://www.moneycontrol.com/india/stockpricequote/powertransmissionequipment/kecinternational/KEC04,KEC.NS
99,Ador Welding,Electrodes & Graphite,889.35,-2.65,-0.30,1209.0,https://www.moneycontrol.com/india/stockpricequote/electrodesgraphite/adorwelding/AW01,ADORWELD.NS
100,MEP Infra,Infrastructure - General,16.65,-0.05,-0.30,305.0,https://www.moneycontrol.com/india/stockpricequote/infrastructuregeneral/mepinfrastructuredevelopers/MID,MEP.NS
101,Aakash Explorat,Engineering - Heavy,12.40,-0.05,-0.40,126.0,https://www.moneycontrol.com/india/stockpricequote/engineeringheavy/aakashexplorationservices/AES01,AAKASH.NS
102,AIA Engineering,Castings & Forgings,2585.75,-10.90,-0.42,24389.0,https://www.moneycontrol.com/india/stockpricequote/castingsforgings/aiaengineering/AIE01,AIAENG.NS
103,Salasar Techno ,Engineering,31.90,-0.15,-0.47,911.0,https://www.moneycontrol.com/india/stockpricequote/engineering/salasartechnoengineering/STE02,SALASAR.NS
104,GMR Infra,Infrastructure - General,39.20,-0.20,-0.51,23661.0,https://www.moneycontrol.com/india/stockpricequote/infrastructuregeneral/gmrinfrastructure/GI27,GMRINFRA.NS
105,OM Infra,Engineering,36.50,-0.20,-0.54,352.0,https://www.moneycontrol.com/india/stockpricequote/engineering/ominfra/OMM02,OMINFRAL.NS
106,Jupiter Wagons,Engineering,77.90,-0.45,-0.57,3018.0,https://www.moneycontrol.com/india/stockpricequote/engineering/jupiterwagons/CEB,JWL.NS
107,Elecon Eng,Engineering - Heavy,360.95,-2.30,-0.63,4050.0,https://www.moneycontrol.com/india/stockpricequote/engineeringheavy/eleconengineeringcompany/EEC,ELECON.NS
108,Quess Corp,Engineering,565.40,-3.70,-0.65,8372.0,https://www.moneycontrol.com/india/stockpricequote/engineering/quesscorp/QC,QUESS.NS
109,Revathi CP,Compressors,753.00,-5.10,-0.67,231.0,https://www.moneycontrol.com/india/stockpricequote/compressors/revathicpequipment/RCP,REVATHI.NS
110,SKF India,Bearings,4890.20,-36.30,-0.74,24176.0,https://www.moneycontrol.com/india/stockpricequote/bearings/skfindia/SKF01,SKFINDIA.NS
111,TIL,Engineering,115.30,-0.90,-0.77,116.0,https://www.moneycontrol.com/india/stockpricequote/engineering/til/TIL,TIL.NS
112,Kennametal,Machine Tools,2452.80,-19.55,-0.79,5391.0,https://www.moneycontrol.com/india/stockpricequote/machinetools/kennametalindia/WI06,KENNAMET.NS
113,Carborundum,Abrasives,854.00,-7.55,-0.88,16216.0,https://www.moneycontrol.com/india/stockpricequote/abrasives/carborundumuniversal/CU,CARBORUNIV.NS
114,Honda India PP,Electric Equipment,1469.30,-13.50,-0.91,1490.0,https://www.moneycontrol.com/india/stockpricequote/electricequipment/hondaindiapowerproductslimited/HSP02,HONDAPOWER.NS
115,United Drilling,,374.25,-3.60,-0.95,760.0,https://www.moneycontrol.com/india/stockpricequote/uniteddrillingtools/uniteddrillingtools/UDT,UNIDT.NS
116,Nitiraj Enginee,Engineering,79.05,-0.80,-1.00,81.0,https://www.moneycontrol.com/india/stockpricequote/engineering/nitirajengineers/NE09,NITIRAJ.NS
117,GE T&D India,Power - Transmission & Equipment,131.75,-1.35,-1.01,3373.0,https://www.moneycontrol.com/india/stockpricequote/powertransmissionequipment/getdindia/ATD,GET&D.NS
118,Ircon Internati,Engineering - Heavy,42.60,-0.45,-1.05,4007.0,https://www.moneycontrol.com/india/stockpricequote/engineeringheavy/irconinternational/II07,IRCON.NS
119,Orient Abrasive,Abrasives,33.85,-0.45,-1.31,405.0,https://www.moneycontrol.com/india/stockpricequote/abrasives/orientabrasives/OA01,ORIENTABRA.NS
120,Grindwell Norto,Abrasives,2168.00,-31.30,-1.42,24004.0,https://www.moneycontrol.com/india/stockpricequote/abrasives/grindwellnorton/GN,GRINDWELL.NS
121,Power Mech,Infrastructure - General,1344.20,-19.55,-1.43,1977.0,https://www.moneycontrol.com/india/stockpricequote/infrastructuregeneral/powermechprojects/PMP,POWERMECH.NS
122,Ganga Forging,,6.20,-0.10,-1.59,66.0,https://www.moneycontrol.com/india/stockpricequote/gangaforging/gangaforging/GF,GANGAFORGE.NS
123,Kabra Extrusion,Engineering - Heavy,395.40,-7.05,-1.75,1269.0,https://www.moneycontrol.com/india/stockpricequote/engineeringheavy/kabraextrusiontechnik/KET,KABRAEXTRU.NS
124,Praj Industries,Engineering - Heavy,414.40,-7.45,-1.77,7611.0,https://www.moneycontrol.com/india/stockpricequote/engineeringheavy/prajindustries/PI17,PRAJIND.NS
125,Igarashi Motors,Electric Equipment,359.05,-6.65,-1.82,1130.0,https://www.moneycontrol.com/india/stockpricequote/electricequipment/igarashimotors/IM01,IGARASHI.NS
126,HEG,Electrodes & Graphite,1232.35,-23.65,-1.88,4756.0,https://www.moneycontrol.com/india/stockpricequote/electrodesgraphite/heg/HEG,HEG.NS
127,Varroc Engineer,Engineering - Heavy,372.80,-7.45,-1.96,5696.0,https://www.moneycontrol.com/india/stockpricequote/engineeringheavy/varrocengineering/VE08,VARROC.NS
128,Easun Reyrl,Electric Equipment,2.45,-0.05,-2.00,8.0,https://www.moneycontrol.com/india/stockpricequote/electricequipment/easunreyrolle/ER,EASUNREYRL.NS
129,Modison,,67.40,-1.40,-2.03,219.0,https://www.moneycontrol.com/india/stockpricequote/modison/modison/MM07,MODISONLTD.NS
130,Voltamp Trans,Power - Transmission & Equipment,2689.30,-68.45,-2.48,2721.0,https://www.moneycontrol.com/india/stockpricequote/powertransmissionequipment/voltamptransformers/VT9,VOLTAMP.NS
131,Walchandnagar,Engineering - Heavy,65.75,-2.35,-3.45,250.0,https://www.moneycontrol.com/india/stockpricequote/engineeringheavy/walchandnagarindustries/WI01,WALCHANNAG.NS
132,Jaypee Infra,Infrastructure - General,2.55,-0.10,-3.77,354.0,https://www.moneycontrol.com/india/stockpricequote/infrastructuregeneral/jaypeeinfratech/JI09,JPINFRATEC.NS
133,Power & Instrum,Electric Equipment,41.70,-1.80,-4.14,35.0,https://www.moneycontrol.com/india/stockpricequote/electricequipment/powerinstrumentationgujarat/PI(,PIGL.NS
134,BEML,Infrastructure - General,1813.35,-79.95,-4.22,7552.0,https://www.moneycontrol.com/india/stockpricequote/infrastructuregeneral/beml/BEM03,BEML.NS
135,TRF,Engineering - Heavy,168.10,-8.80,-4.97,185.0,https://www.moneycontrol.com/india/stockpricequote/engineeringheavy/trf/TRF,TRF.NS
136,Thejo Engg,Engineering,1103.75,-59.60,-5.12,1176.0,https://www.moneycontrol.com/india/stockpricequote/engineering/thejoengineering/TE09,THEJO.NS
137,Lokesh Machines,Machine Tools,130.20,-9.00,-6.47,233.0,https://www.moneycontrol.com/india/stockpricequote/machinetools/lokeshmachines/LMS,LOKESHMACH.NS
