,Stocks,Industry,LastPrice,Change,PctChange,MktCap,URL,Ticker
0,SKM Egg Product,Food Processing,105.90,17.65,20.00,279.0,https://www.moneycontrol.com/india/stockpricequote/foodprocessing/skmeggproductsexportindia/SKM,SKMEGGPROD.NS
1,Sakthi Sugars,Sugar,23.35,2.65,12.80,278.0,https://www.moneycontrol.com/india/stockpricequote/sugar/sakthisugars/SS,SAKHTISUG.NS
2,Bajaj Hindustha,Sugar,11.70,1.05,9.86,1495.0,https://www.moneycontrol.com/india/stockpricequote/sugar/bajajhindusthansugar/BH06,BAJAJHIND.NS
3,Nakoda Group,Food Processing,135.70,6.45,4.99,151.0,https://www.moneycontrol.com/india/stockpricequote/foodprocessing/nakodagroupindustries/NGo,NGIL.NS
4,Som Distillerie,Breweries & Distilleries,104.15,4.00,3.99,729.0,https://www.moneycontrol.com/india/stockpricequote/breweriesdistilleries/somdistilleriesbreweries/SDB,SDBL.NS
5,Ravi Kumar Dist,Breweries & Distilleries,13.50,0.45,3.45,32.0,https://www.moneycontrol.com/india/stockpricequote/breweriesdistilleries/ravikumardistilleries/RKD,RKDL.NS
6,KRBL,Food Processing,321.85,9.55,3.06,7576.0,https://www.moneycontrol.com/india/stockpricequote/foodprocessing/krbl/KRB01,KRBL.NS
7,Umang Dairies,Food Processing,64.90,1.90,3.02,143.0,https://www.moneycontrol.com/india/stockpricequote/foodprocessing/umangdairies/UD01,UMANGDAIRY.NS
8,Manorama Indust,Food Processing,1237.60,31.10,2.58,1475.0,https://www.moneycontrol.com/india/stockpricequote/foodprocessing/manoramaindustries/MI45,MANORAMA.NS
9,IVP,Vanaspati & Oils,161.50,4.00,2.54,167.0,https://www.moneycontrol.com/india/stockpricequote/vanaspatioils/ivp/IVP,IVP.NS
10,CCL Products,Plantations - Tea & Coffee,499.40,11.40,2.34,6643.0,https://www.moneycontrol.com/india/stockpricequote/plantationsteacoffee/cclproductsindia/CC10,CCL.NS
11,KCP Sugar,Sugar,21.75,0.45,2.11,247.0,https://www.moneycontrol.com/india/stockpricequote/sugar/kcpsugarindcorp/KCP01,KCPSUGIND.NS
12,Pioneer Distill,Breweries & Distilleries,167.65,3.10,1.88,224.0,https://www.moneycontrol.com/india/stockpricequote/breweriesdistilleries/pioneerdistilleries/PDL,PIONDIST.NS
13,Parag Milk Food,Food Processing,117.00,1.95,1.69,1256.0,https://www.moneycontrol.com/india/stockpricequote/foodprocessing/paragmilkfoods/PMF01,PARAGMILK.NS
14,Ugar Sugar Work,Sugar,57.95,0.95,1.67,652.0,https://www.moneycontrol.com/india/stockpricequote/sugar/ugarsugarworks/USW,UGARSUGAR.NS
15,Bombay Burmah,Plantations - Tea & Coffee,920.45,13.40,1.48,6422.0,https://www.moneycontrol.com/india/stockpricequote/plantationsteacoffee/bombayburmahtradingcorporation/BBT,BBTC.NS
16,Hindustan Foods,Food Processing,455.95,6.20,1.38,5141.0,https://www.moneycontrol.com/india/stockpricequote/foodprocessing/hindustanfoods/HFL,HNDFDS.NS
17,Dhampur Sugar,Sugar,235.10,3.10,1.34,1561.0,https://www.moneycontrol.com/india/stockpricequote/sugar/dhampursugarmills/DSM,DHAMPURSUG.NS
18,Coffee Day,Food Processing,51.50,0.65,1.28,1088.0,https://www.moneycontrol.com/india/stockpricequote/foodprocessing/coffeedayenterprises/CDE,COFFEEDAY.NS
19,Rana Sugars,Sugar,25.35,0.30,1.20,389.0,https://www.moneycontrol.com/india/stockpricequote/sugar/ranasugars/RS05,RANASUG.NS
20,Radico Khaitan,Breweries & Distilleries,1037.85,11.25,1.10,13873.0,https://www.moneycontrol.com/india/stockpricequote/breweriesdistilleries/radicokhaitan/RK01,RADICO.NS
21,Vadilal Ind,Food Processing,2608.70,27.55,1.07,1875.0,https://www.moneycontrol.com/india/stockpricequote/foodprocessing/vadilalindustries/VI01,VADILALIND.NS
22,Euro India Fres,Food Processing,123.60,1.10,0.90,307.0,https://www.moneycontrol.com/india/stockpricequote/foodprocessing/euroindiafreshfoods/EIF,EIFFL.NS
23,EID Parry,Sugar,534.65,4.10,0.77,9489.0,https://www.moneycontrol.com/india/stockpricequote/sugar/eidparryindia/EID,EIDPARRY.NS
24,GM Breweries,Breweries & Distilleries,617.25,4.25,0.69,1128.0,https://www.moneycontrol.com/india/stockpricequote/breweriesdistilleries/gmbreweries/GMB,GMBREW.NS
25,Zydus Wellness,Vanaspati & Oils,1634.00,10.45,0.64,10397.0,https://www.moneycontrol.com/india/stockpricequote/vanaspatioils/zyduswellness/ZW01,ZYDUSWELL.NS
26,Naga Dhunseri,Plantations - Tea & Coffee,1207.40,7.40,0.62,121.0,https://www.moneycontrol.com/india/stockpricequote/plantationsteacoffee/nagadhunserigroup/NDG,NDGL.NS
27,Dalmia Sugar,Sugar,355.55,2.05,0.58,2878.0,https://www.moneycontrol.com/india/stockpricequote/sugar/dalmiabharatsugarindustries/DCB,DALMIASUG.NS
28,ISGEC Heavy Eng,Engineering - Heavy,480.20,2.60,0.54,3531.0,https://www.moneycontrol.com/india/stockpricequote/engineeringheavy/isgecheavyengineering/SIS06,ISGEC.NS
29,Shree Renuka,Sugar,47.95,0.25,0.52,10206.0,https://www.moneycontrol.com/india/stockpricequote/sugar/shreerenukasugars/SRS03,RENUKA.NS
30,Magadh Sugar ,Sugar,297.95,1.55,0.52,420.0,https://www.moneycontrol.com/india/stockpricequote/sugar/magadhsugarenergy/MSE01,MAGADSUGAR.NS
31,TATA Cons. Prod,Plantations - Tea & Coffee,837.45,3.75,0.45,77175.0,https://www.moneycontrol.com/india/stockpricequote/plantationsteacoffee/tataconsumerproducts/TT,TATACONSUM.NS
32,Rossell India,Plantations - Tea & Coffee,271.45,1.15,0.43,996.0,https://www.moneycontrol.com/india/stockpricequote/plantationsteacoffee/rossellindia/RT08,ROSSELLIND.NS
33,Apex Frozen,Food Processing,328.60,1.25,0.38,1027.0,https://www.moneycontrol.com/india/stockpricequote/foodprocessing/apexfrozenfoods/AFF,APEX.NS
34,Balrampur Chini,Sugar,362.10,1.05,0.29,7388.0,https://www.moneycontrol.com/india/stockpricequote/sugar/balrampurchinimills/BCM,BALRAMCHIN.NS
35,Mawana Sugars,Sugar,88.00,0.25,0.28,344.0,https://www.moneycontrol.com/india/stockpricequote/sugar/mawanasugars/MS25,MAWANASUG.NS
36,Kohinoor Foods,Food Processing,75.25,0.20,0.27,279.0,https://www.moneycontrol.com/india/stockpricequote/foodprocessing/kohinoorfoods/KF15,KOHINOOR.NS
37,Triveni Engg,Sugar,240.55,0.60,0.25,5815.0,https://www.moneycontrol.com/india/stockpricequote/sugar/triveniengineeringindustries/TE10,TRIVENI.NS
38,Andhra Sugar,Sugar,146.95,0.30,0.20,1992.0,https://www.moneycontrol.com/india/stockpricequote/sugar/andhrasugars/AS18,ANDHRSUGAR.NS
39,KM Sugar Mills,Sugar,27.95,0.05,0.18,257.0,https://www.moneycontrol.com/india/stockpricequote/sugar/kmsugarmills/KMS,KMSUGAR.NS
40,Varun Beverages,Food Processing,1033.40,1.80,0.17,67124.0,https://www.moneycontrol.com/india/stockpricequote/foodprocessing/varunbeverages/VB05,VBL.NS
41,Dwarikesh Sugar,Sugar,100.80,0.15,0.15,1898.0,https://www.moneycontrol.com/india/stockpricequote/sugar/dwarikeshsugarindustries/DSI01,DWARKESH.NS
42,LT Foods,,93.80,0.05,0.05,3000.0,https://www.moneycontrol.com/india/stockpricequote/ltfoods/ltfoods/LTF,DAAWAT.NS
43,United Nilgiri,Plantations - Tea & Coffee,313.20,0.10,0.03,156.0,https://www.moneycontrol.com/india/stockpricequote/plantationsteacoffee/unitednilgiriteaestatescompany/UNT,UNITEDTEA.NS
44,Vikas Proppant ,Food Processing,0.90,0.00,0.00,46.0,https://www.moneycontrol.com/india/stockpricequote/foodprocessing/vikasproppantgranite/AD03,VIKASPROP.NS
45,Rajshree Sugars,Sugar,33.95,0.00,0.00,112.0,https://www.moneycontrol.com/india/stockpricequote/sugar/rajshreesugarschemicals/RSC,RAJSREESUG.NS
46,Ponni Sugars(E),Sugar,253.65,-0.05,-0.02,218.0,https://www.moneycontrol.com/india/stockpricequote/sugar/ponnisugarserode/PSE03,PONNIERODE.NS
47,Prataap Snacks ,Food Processing,798.65,-1.00,-0.13,1873.0,https://www.moneycontrol.com/india/stockpricequote/foodprocessing/prataapsnacks/PS20,DIAMONDYD.NS
48,Bannariamman,Sugar,2801.30,-5.25,-0.19,3513.0,https://www.moneycontrol.com/india/stockpricequote/sugar/bannariammansugars/BS07,BANARISUG.NS
49,Simbhaoli Sugar,Sugar,19.25,-0.05,-0.26,79.0,https://www.moneycontrol.com/india/stockpricequote/sugar/simbhaolisugars/SS52,SIMBHALS.NS
50,The Grob Tea,Plantations - Tea & Coffee,831.25,-2.85,-0.34,97.0,https://www.moneycontrol.com/india/stockpricequote/plantationsteacoffee/thegrobteacompany/TGT,GROBTEA.NS
51,Mcleod,Plantations - Tea & Coffee,24.55,-0.10,-0.41,256.0,https://www.moneycontrol.com/india/stockpricequote/plantationsteacoffee/mcleodrusselindia/MRI02,MCLEODRUSS.NS
52,ADF Foods,Food Processing,718.90,-3.45,-0.48,1580.0,https://www.moneycontrol.com/india/stockpricequote/foodprocessing/adffoodsindustries/AF30,ADFFOODS.NS
53,United Brewerie,Breweries & Distilleries,1696.60,-8.55,-0.50,44859.0,https://www.moneycontrol.com/india/stockpricequote/breweriesdistilleries/unitedbreweries/UB02,UBL.NS
54,Uttam Sugar,Sugar,267.70,-1.35,-0.50,1021.0,https://www.moneycontrol.com/india/stockpricequote/sugar/uttamsugarmills/USM,UTTAMSUGAR.NS
55,Dhunseri Tea,Plantations - Tea & Coffee,206.65,-1.15,-0.55,217.0,https://www.moneycontrol.com/india/stockpricequote/plantationsteacoffee/dhunseriteaindustries/DTI03,DTIL.NS
56,Tata Coffee,Plantations - Tea & Coffee,243.10,-1.40,-0.57,4540.0,https://www.moneycontrol.com/india/stockpricequote/plantationsteacoffee/tatacoffee/TC14,TATACOFFEE.NS
57,Peria Karamalai,Plantations - Tea & Coffee,305.00,-1.80,-0.59,94.0,https://www.moneycontrol.com/india/stockpricequote/plantationsteacoffee/periakaramalaiteaproducecompany/PKT,PKTEA.NS
58,Kothari Sugars,Sugar,41.50,-0.25,-0.60,344.0,https://www.moneycontrol.com/india/stockpricequote/sugar/kotharisugarschemicals/KSC,KOTARISUG.NS
59,United Spirits,Breweries & Distilleries,818.55,-5.75,-0.70,59479.0,https://www.moneycontrol.com/india/stockpricequote/breweriesdistilleries/unitedspirits/US,MCDOWELL-N.NS
60,Heritage Foods,Food Processing,324.40,-3.05,-0.93,1505.0,https://www.moneycontrol.com/india/stockpricequote/foodprocessing/heritagefoods/HFI,HERITGFOOD.NS
61,Jayshree Tea,Plantations - Tea & Coffee,98.55,-0.95,-0.95,285.0,https://www.moneycontrol.com/india/stockpricequote/plantationsteacoffee/jayshreeteaindustries/JTI,JAYSREETEA.NS
62,Globus Spirits,Breweries & Distilleries,864.75,-9.35,-1.07,2491.0,https://www.moneycontrol.com/india/stockpricequote/breweriesdistilleries/globusspirits/GS,GLOBUSSPR.NS
63,Britannia,Food Processing,3662.60,-41.65,-1.12,88220.0,https://www.moneycontrol.com/india/stockpricequote/foodprocessing/britanniaindustries/BI,BRITANNIA.NS
64,Megastar Foods,Food Processing,169.20,-2.00,-1.17,169.0,https://www.moneycontrol.com/india/stockpricequote/foodprocessing/megastarfoods/MF13,MEGASTAR.NS
65,Tasty Bite,Food Processing,12307.80,-165.65,-1.33,3158.0,https://www.moneycontrol.com/india/stockpricequote/foodprocessing/tastybiteeatables/TBE,TASTYBITE.NS
66,Chaman Lal Seti,Food Processing,109.45,-1.50,-1.35,566.0,https://www.moneycontrol.com/india/stockpricequote/foodprocessing/chamanlalsetiaexports/CLS,CLSEL.NS
67,Dharani Sugars,Sugar,10.85,-0.15,-1.36,36.0,https://www.moneycontrol.com/india/stockpricequote/sugar/dharanisugarschemicals/DSC,DHARSUGAR.NS
68,Nestle,Food Processing,19259.70,-302.10,-1.54,185694.0,https://www.moneycontrol.com/india/stockpricequote/foodprocessing/nestleindia/NI,NESTLEIND.NS
69,BCL Industries,Vanaspati & Oils,360.10,-5.80,-1.59,870.0,https://www.moneycontrol.com/india/stockpricequote/vanaspatioils/bclindustries/BC06,BCLIND.NS
70,Hatsun Agro,Food Processing,987.80,-17.55,-1.75,21293.0,https://www.moneycontrol.com/india/stockpricequote/foodprocessing/hatsunagroproducts/HAP,HATSUN.NS
71,Tilaknagar Ind,Breweries & Distilleries,77.90,-1.45,-1.83,1288.0,https://www.moneycontrol.com/india/stockpricequote/breweriesdistilleries/tilaknagarindustries/TI09,TI.NS
72,Dhunseri Ventur,Petrochemicals,249.10,-4.65,-1.83,872.0,https://www.moneycontrol.com/india/stockpricequote/petrochemicals/dhunseriventures/DTI,DVL.NS
73,Harrisons Malay,Plantations - Tea & Coffee,166.10,-3.70,-2.18,307.0,https://www.moneycontrol.com/india/stockpricequote/plantationsteacoffee/harrisonsmalyalam/HM02,HARRMALAYA.NS
74,Gillanders Arbu,Diversified,73.00,-1.90,-2.54,156.0,https://www.moneycontrol.com/india/stockpricequote/diversified/gillandersarbuthnotco/GAC03,GILLANDERS.NS
75,Avadh Sugar ,Sugar,522.40,-15.10,-2.81,1046.0,https://www.moneycontrol.com/india/stockpricequote/sugar/avadhsugarenergy/ASE03,AVADHSUGAR.NS
76,Dangee Dums,,406.10,-15.80,-3.74,417.0,https://www.moneycontrol.com/india/stockpricequote/dangeedums/dangeedums/DD,DANGEE.NS
