,Stocks,Industry,LastPrice,Change,PctChange,MktCap,URL,Ticker
0,Celebrity Fash,Textiles - Readymade Apparels,24.95,4.15,19.95,129.0,https://www.moneycontrol.com/india/stockpricequote/textilesreadymadeapparels/celebrityfashions/CFL04,CELEBRITY.NS
1,Nahar Poly Film,Textiles - Spinning - Cotton Blended,384.30,28.80,8.10,945.0,https://www.moneycontrol.com/india/stockpricequote/textilesspinningcottonblended/naharpolyfilms/NIH,NAHARPOLY.NS
2,Delta,Electricals,75.95,5.60,7.96,82.0,https://www.moneycontrol.com/india/stockpricequote/electricals/deltamanufacturing/DM04,DELTAMAGNT.NS
3,Magnum Ventures,Paper,15.15,1.10,7.83,57.0,https://www.moneycontrol.com/india/stockpricequote/paper/magnumventures/MV04,MAGNUM.NS
4,Flexituff Ventu,Packaging,31.35,2.25,7.73,78.0,https://www.moneycontrol.com/india/stockpricequote/packaging/flexituffventuresinternational/FI08,FLEXITUFF.NS
5,Alicon Castallo,Castings & Forgings,870.85,58.65,7.22,1403.0,https://www.moneycontrol.com/india/stockpricequote/castingsforgings/aliconcastalloy/EC06,ALICON.NS
6,Tamil Newsprint,Paper,273.80,17.45,6.81,1895.0,https://www.moneycontrol.com/india/stockpricequote/paper/tamilnadunewsprintpapers/TNN,TNPL.NS
7,Premier Polyfil,Plastics,101.65,5.95,6.22,213.0,https://www.moneycontrol.com/india/stockpricequote/plastics/premierpolyfilm/PP19,PREMIERPOL.NS
8,TCNS Clothing C,Textiles - General,699.00,35.85,5.41,4308.0,https://www.moneycontrol.com/india/stockpricequote/textilesgeneral/tcnsclothingco/TCC,TCNSBRANDS.NS
9,VIP Clothing,Textiles - Readymade Apparels,30.20,1.50,5.23,249.0,https://www.moneycontrol.com/india/stockpricequote/textilesreadymadeapparels/vipclothing/MI53,VIPCLOTHNG.NS
10,LGB Forge,Castings & Forgings,11.10,0.55,5.21,264.0,https://www.moneycontrol.com/india/stockpricequote/castingsforgings/lgbforge/LGB01,LGBFORGE.NS
11,Pioneer,Textiles - Hosiery & Knitwear,47.80,2.35,5.17,127.0,https://www.moneycontrol.com/india/stockpricequote/textileshosieryknitwear/pioneerembroideries/PE,PIONEEREMB.NS
12,AYM Syntex,Textiles - Processing,91.65,4.50,5.16,460.0,https://www.moneycontrol.com/india/stockpricequote/textilesprocessing/aymsyntex/WS01,AYMSYNTEX.NS
13,Servotech Power,Electricals,107.45,5.10,4.98,201.0,https://www.moneycontrol.com/india/stockpricequote/electricals/servotechpowersystems/SPS04,SERVOTECH.NS
14,Vinny Overseas,,48.50,2.30,4.98,49.0,https://www.moneycontrol.com/india/stockpricequote/vinnyoverseas/vinnyoverseas/VO04,VINNY.NS
15,AMD Industries,Packaging,97.05,4.60,4.98,186.0,https://www.moneycontrol.com/india/stockpricequote/packaging/amdindustries/AMD02,AMDIND.NS
16,Brand Concepts,,146.85,6.95,4.97,155.0,https://www.moneycontrol.com/india/stockpricequote/brandconcepts/brandconcepts/BCL09,BCONCEPTS.NS
17,Digjam,Textiles - Woollen & Worsted,123.75,5.85,4.96,248.0,https://www.moneycontrol.com/india/stockpricequote/textileswoollenworsted/digjam/D05,DIGJAMLMTD.NS
18,JBF Industries,Textiles - Manmade,13.85,0.65,4.92,113.0,https://www.moneycontrol.com/india/stockpricequote/textilesmanmade/jbfindustries/JBF,JBFIND.NS
19,Bannari A Spg,Textiles - General,63.10,2.95,4.90,409.0,https://www.moneycontrol.com/india/stockpricequote/textilesgeneral/bannariammanspinningmills/BAS01,BASML.NS
20,Bang Overseas,Textiles - General,48.20,2.25,4.90,65.0,https://www.moneycontrol.com/india/stockpricequote/textilesgeneral/bangoverseas/BO02,BANG.NS
21,Arvind,Textiles - Denim,108.95,5.05,4.86,2842.0,https://www.moneycontrol.com/india/stockpricequote/textilesdenim/arvind/A18,ARVIND.NS
22,Alok Industries,Textiles - Weaving,20.60,0.95,4.83,10228.0,https://www.moneycontrol.com/india/stockpricequote/textilesweaving/alokindustries/AI54,ALOKINDS.NS
23,Eurotex,Textiles - Spinning - Cotton Blended,10.90,0.50,4.81,10.0,https://www.moneycontrol.com/india/stockpricequote/textilesspinningcottonblended/eurotexindustriesexports/EIE,EUROTEXIND.NS
24,Thomas Scott,Textiles - Synthetic & Silk,39.05,1.75,4.69,22.0,https://www.moneycontrol.com/india/stockpricequote/textilessyntheticsilk/thomasscottindia/TSI01,THOMASCOTT.NS
25,Shiva Texyarn,Textiles - Spinning - Cotton Blended,173.25,7.65,4.62,225.0,https://www.moneycontrol.com/india/stockpricequote/textilesspinningcottonblended/shivatexyarn/ST17,SHIVATEX.NS
26,Precot,,275.25,12.05,4.58,330.0,https://www.moneycontrol.com/india/stockpricequote/precot/precot/PM,PRECOT.NS
27,Jindal Cotex,Textiles - Spinning - Cotton Blended,2.30,0.10,4.55,10.0,https://www.moneycontrol.com/india/stockpricequote/textilesspinningcottonblended/jindalcotex/JC,JINDCOT.NS
28,Spentex Ind,Textiles - Spinning - Cotton Blended,2.30,0.10,4.55,21.0,https://www.moneycontrol.com/india/stockpricequote/textilesspinningcottonblended/spentexindustries/SI35,SPENTEX.NS
29,Gokaldas Export,Textiles - Readymade Apparels,363.65,15.25,4.38,2203.0,https://www.moneycontrol.com/india/stockpricequote/textilesreadymadeapparels/gokaldasexports/GE05,GOKEX.NS
30,Hilton Metal,Castings & Forgings,62.15,2.60,4.37,93.0,https://www.moneycontrol.com/india/stockpricequote/castingsforgings/hiltonmetalforging/HMF,HILTON.NS
31,Ballarpur Ind,Paper,1.20,0.05,4.35,155.0,https://www.moneycontrol.com/india/stockpricequote/paper/ballarpurindustries/BI12,BALLARPUR.NS
32,Gangotri Textil,Textiles - Spinning - Cotton Blended,1.20,0.05,4.35,4.0,https://www.moneycontrol.com/india/stockpricequote/textilesspinningcottonblended/gangotritextiles/GT,GANGOTRI.NS
33,Star Paper,Paper,216.95,8.75,4.20,339.0,https://www.moneycontrol.com/india/stockpricequote/paper/starpapermills/SPM04,STARPAPER.NS
34,Huhtamaki India,Packaging,209.90,8.40,4.17,1585.0,https://www.moneycontrol.com/india/stockpricequote/packaging/huhtamakiindia/PP,HUHTAMAKI.NS
35,Bhandari Hosier,Textiles - Hosiery & Knitwear,6.25,0.25,4.17,92.0,https://www.moneycontrol.com/india/stockpricequote/textileshosieryknitwear/bhandarihosieryexports/BHE02,BHANDARI.NS
36,Oricon Ent,Packaging,37.60,1.50,4.16,590.0,https://www.moneycontrol.com/india/stockpricequote/packaging/oriconenterprises/OE03,ORICONENT.NS
37,Centum Electron,Electricals,490.20,18.90,4.01,632.0,https://www.moneycontrol.com/india/stockpricequote/electricals/centumelectronics/CE10,CENTUM.NS
38,Supreme Ind,Plastics,2060.70,78.45,3.96,26176.0,https://www.moneycontrol.com/india/stockpricequote/plastics/supremeindustries/SI48,SUPREMEIND.NS
39,Radha Madhav,Packaging,2.70,0.10,3.85,25.0,https://www.moneycontrol.com/india/stockpricequote/packaging/radhamadhavcorporation/RMC,RMCL.NS
40,TT,Textiles - Hosiery & Knitwear,95.20,3.30,3.59,205.0,https://www.moneycontrol.com/india/stockpricequote/textileshosieryknitwear/tt/TT06,TTL.NS
41,Electrosteel,Castings & Forgings,38.25,1.30,3.52,2274.0,https://www.moneycontrol.com/india/stockpricequote/castingsforgings/electrosteelcastings/EC02,ELECTCAST.NS
42,Metalyst Forgin,Castings & Forgings,4.45,0.15,3.49,19.0,https://www.moneycontrol.com/india/stockpricequote/castingsforgings/metalystforgings/AF01,METALFORGE.NS
43,Rollatainers,Packaging,1.50,0.05,3.45,38.0,https://www.moneycontrol.com/india/stockpricequote/packaging/rollatainers/R05,ROLLT.NS
44,Worth Periphera,Packaging,103.95,3.45,3.43,164.0,https://www.moneycontrol.com/india/stockpricequote/packaging/worthperipherals/WP03,WORTH.NS
45,Lakshmi Prec,Fasteners,6.20,0.20,3.33,7.0,https://www.moneycontrol.com/india/stockpricequote/fasteners/lakshmiprecisionscrews/LPS,LAKPRE.NS
46,Tokyo Plast,Plastics,102.35,3.30,3.33,97.0,https://www.moneycontrol.com/india/stockpricequote/plastics/tokyoplastinternational/TPI01,TOKYOPLAST.NS
47,Kitex Garments,Textiles - Readymade Apparels,231.90,7.35,3.27,1542.0,https://www.moneycontrol.com/india/stockpricequote/textilesreadymadeapparels/kitexgarments/KG01,KITEX.NS
48,Jain Irrigation,Plastics,42.90,1.35,3.25,2648.0,https://www.moneycontrol.com/india/stockpricequote/plastics/jainirrigationsystems/JIS02,JISLJALEQS.NS
49,Pudumjee Ind,Paper,18.55,0.55,3.06,33.0,https://www.moneycontrol.com/india/stockpricequote/paper/3plandholdings/PI36,3PLAND.NS
50,Asahi India,Glass & Glass Products,663.85,19.60,3.04,16138.0,https://www.moneycontrol.com/india/stockpricequote/glassglassproducts/asahiindiaglass/AIG01,ASAHIINDIA.NS
51,Trident,Textiles - Spinning - Cotton Blended,40.95,1.20,3.02,20868.0,https://www.moneycontrol.com/india/stockpricequote/textilesspinningcottonblended/trident/AI01,TRIDENT.NS
52,Dollar Ind,Textiles - Readymade Apparels,456.50,13.35,3.01,2589.0,https://www.moneycontrol.com/india/stockpricequote/textilesreadymadeapparels/dollarindustries/DI29,DOLLAR.NS
53,Fiberweb India,Plastics,41.40,1.20,2.99,119.0,https://www.moneycontrol.com/india/stockpricequote/plastics/fiberwebindia/PVD,FIBERWEB.NS
54,United Polyfab ,Textiles - Readymade Apparels,43.25,1.25,2.98,91.0,https://www.moneycontrol.com/india/stockpricequote/textilesreadymadeapparels/unitedpolyfabgujarat/UPG,UNITEDPOLY.NS
55,Zodiac Clothing,Textiles - Readymade Apparels,95.85,2.70,2.90,237.0,https://www.moneycontrol.com/india/stockpricequote/textilesreadymadeapparels/zodiacclothingcompany/ZCC,ZODIACLOTH.NS
56,Pil Italica,Plastics,9.00,0.25,2.86,212.0,https://www.moneycontrol.com/india/stockpricequote/plastics/pilitalicalifestyle/PI08,PILITA.NS
57,SPL Industries,Textiles - Readymade Apparels,63.75,1.75,2.82,185.0,https://www.moneycontrol.com/india/stockpricequote/textilesreadymadeapparels/splindustries/SPL9,SPLIL.NS
58,Steelcast,Castings & Forgings,441.40,11.05,2.57,893.0,https://www.moneycontrol.com/india/stockpricequote/castingsforgings/steelcast/S06,STEELCAS.NS
59,Ruchira Papers,Paper,150.00,3.65,2.49,407.0,https://www.moneycontrol.com/india/stockpricequote/paper/ruchirapapers/RP25,RUCHIRA.NS
60,Ausom Enterp,Finance - Investments,80.85,1.95,2.47,110.0,https://www.moneycontrol.com/india/stockpricequote/financeinvestments/ausomenterprise/CE06,AUSOMENT.NS
61,Indo Count,Textiles - Spinning - Cotton Blended,162.45,3.80,2.40,3207.0,https://www.moneycontrol.com/india/stockpricequote/textilesspinningcottonblended/indocountindustries/ICI07,ICIL.NS
62,Dixon Technolog,Electricals,4204.70,95.40,2.32,24952.0,https://www.moneycontrol.com/india/stockpricequote/electricals/dixontechnologies/DT07,DIXON.NS
63,Hind Rectifiers,Electricals,173.80,3.90,2.30,288.0,https://www.moneycontrol.com/india/stockpricequote/electricals/hindrectifiers/HR01,HIRECT.NS
64,Kalyani Forge,Castings & Forgings,192.00,3.85,2.05,70.0,https://www.moneycontrol.com/india/stockpricequote/castingsforgings/kalyaniforge/KF02,KALYANIFRG.NS
65,Monte Carlo,Textiles - Readymade Apparels,835.65,15.65,1.91,1732.0,https://www.moneycontrol.com/india/stockpricequote/textilesreadymadeapparels/montecarlofashions/MC05,MONTECARLO.NS
66,Century Enka,Textiles - Manmade,467.85,8.25,1.80,1022.0,https://www.moneycontrol.com/india/stockpricequote/textilesmanmade/centuryenka/CE,CENTENKA.NS
67,Uflex,Packaging,763.50,12.85,1.71,5513.0,https://www.moneycontrol.com/india/stockpricequote/packaging/uflex/U01,UFLEX.NS
68,Jayaswal Neco,Castings & Forgings,24.00,0.40,1.69,2330.0,https://www.moneycontrol.com/india/stockpricequote/castingsforgings/jayaswalnecoindustries/JNI02,JAYNECOIND.NS
69,Sumeet Ind,Textiles - Manmade,6.00,0.10,1.69,62.0,https://www.moneycontrol.com/india/stockpricequote/textilesmanmade/sumeetindustries/SI45,SUMEETINDS.NS
70,Raj Rayon Ind,Textiles - Processing,12.30,0.20,1.65,678.0,https://www.moneycontrol.com/india/stockpricequote/textilesprocessing/rajrayonindustries/RR01,RAJRILTD.NS
71,Genus Power,Electricals,90.70,1.45,1.62,2336.0,https://www.moneycontrol.com/india/stockpricequote/electricals/genuspowerinfrastructures/GPI08,GENUSPOWER.NS
72,AMJ Land ,Paper,32.10,0.45,1.42,132.0,https://www.moneycontrol.com/india/stockpricequote/paper/amjland/PPP,AMJLAND.NS
73,Banswara Syntex,Textiles - Spinning - Synthetic Blended,233.85,3.25,1.41,400.0,https://www.moneycontrol.com/india/stockpricequote/textilesspinningsyntheticblended/banswarasyntex/BS01,BANSWRAS.NS
74,Texmo Pipes,Plastics,62.50,0.85,1.38,182.0,https://www.moneycontrol.com/india/stockpricequote/plastics/texmopipesproducts/TPP,TEXMOPIPES.NS
75,NR Agarwal,Paper,380.95,5.15,1.37,648.0,https://www.moneycontrol.com/india/stockpricequote/paper/nragarwalindustries/NRA,NRAIL.NS
76,DCM,Textiles - Spinning - Cotton Blended,68.75,0.90,1.33,128.0,https://www.moneycontrol.com/india/stockpricequote/textilesspinningcottonblended/dcm/DCM,DCM.NS
77,Axita Cotton ,Textiles - Cotton Blended,310.00,4.00,1.31,609.0,https://www.moneycontrol.com/india/stockpricequote/textilescottonblended/axitacotton/AC29,AXITA.NS
78,Sutlej Textiles,Textiles - General,74.70,0.95,1.29,1224.0,https://www.moneycontrol.com/india/stockpricequote/textilesgeneral/sutlejtextilesindustries/STI9,SUTLEJTEX.NS
79,Ashima,Textiles - Spinning - Cotton Blended,15.80,0.20,1.28,303.0,https://www.moneycontrol.com/india/stockpricequote/textilesspinningcottonblended/ashima/A10,ASHIMASYN.NS
80,Kriti Ind,Plastics,87.25,1.10,1.28,433.0,https://www.moneycontrol.com/india/stockpricequote/plastics/kritiindustriesindia/KII,KRITI.NS
81,Nandani Creatio,Textiles - Readymade Apparels,58.30,0.70,1.22,58.0,https://www.moneycontrol.com/india/stockpricequote/textilesreadymadeapparels/nandanicreation/NC09,JAIPURKURT.NS
82,Poddar Housing ,,179.00,2.00,1.13,113.0,https://www.moneycontrol.com/india/stockpricequote/poddarhousingdevelopment/poddarhousingdevelopment/W13,PODDARHOUS.NS
83,Indian Terrain,Textiles - Readymade Apparels,62.95,0.70,1.12,279.0,https://www.moneycontrol.com/india/stockpricequote/textilesreadymadeapparels/indianterrainfashions/ITF,INDTERRAIN.NS
84,Himatsingka Sei,Textiles - Synthetic & Silk,108.30,1.20,1.12,1066.0,https://www.moneycontrol.com/india/stockpricequote/textilessyntheticsilk/himatsingkaseide/HS,HIMATSEIDE.NS
85,Sangam India,Textiles - Spinning - Synthetic Blended,321.05,3.55,1.12,1430.0,https://www.moneycontrol.com/india/stockpricequote/textilesspinningsyntheticblended/sangamindia/SI03,SANGAMIND.NS
86,Sterling Tools,Fasteners,214.35,2.35,1.11,772.0,https://www.moneycontrol.com/india/stockpricequote/fasteners/sterlingtools/ST,STERTOOLS.NS
87,Tijaria Polypip,Plastics,4.70,0.05,1.08,13.0,https://www.moneycontrol.com/india/stockpricequote/plastics/tijariapolypipes/TP,TIJARIA.NS
88,Ganesha Ecosph,Textiles - Processing,639.35,6.70,1.06,1396.0,https://www.moneycontrol.com/india/stockpricequote/textilesprocessing/ganeshaecosphere/GP01,GANECOS.NS
89,Loyal Textiles,Textiles - Composite Mills,862.65,9.00,1.05,415.0,https://www.moneycontrol.com/india/stockpricequote/textilescompositemills/loyaltextilesmills/LTM,LOYALTEX.NS
90,Mold Tek Tech,,92.30,0.95,1.04,261.0,https://www.moneycontrol.com/india/stockpricequote/moldtektechnologies/moldtektechnologies/MTT01,MOLDTECH.NS
91,Bharat Elec,Electricals,327.90,3.35,1.03,79896.0,https://www.moneycontrol.com/india/stockpricequote/electricals/bharatelectronics/BE03,BEL.NS
92,Nahar Spinning,Textiles - Hosiery & Knitwear,359.65,3.55,1.00,1297.0,https://www.moneycontrol.com/india/stockpricequote/textileshosieryknitwear/naharspinningmills/NSM,NAHARSPING.NS
93,Rupa and Comp,Textiles - Hosiery & Knitwear,339.55,3.05,0.91,2700.0,https://www.moneycontrol.com/india/stockpricequote/textileshosieryknitwear/rupacompany/RC14,RUPA.NS
94,EPL,Packaging,171.50,1.50,0.88,5417.0,https://www.moneycontrol.com/india/stockpricequote/packaging/epl/EP11,EPL.NS
95,KPR Mill,Textiles - Readymade Apparels,596.80,5.10,0.86,20399.0,https://www.moneycontrol.com/india/stockpricequote/textilesreadymadeapparels/kprmill/M15,KPRMILL.NS
96,Polyplex Corp,Packaging,2179.65,17.45,0.81,6842.0,https://www.moneycontrol.com/india/stockpricequote/packaging/polyplexcorporation/PC08,POLYPLEX.NS
97,STL Global,Textiles - General,25.90,0.20,0.78,71.0,https://www.moneycontrol.com/india/stockpricequote/textilesgeneral/stlglobal/STL05,SGL.NS
98,Time Techno,Packaging,123.75,0.95,0.77,2799.0,https://www.moneycontrol.com/india/stockpricequote/packaging/timetechnoplast/TT03,TIMETECHNO.NS
99,Globe Textiles,Textiles - General,6.80,0.05,0.74,103.0,https://www.moneycontrol.com/india/stockpricequote/textilesgeneral/globetextilesindia/GTI,GLOBE.NS
100,Max Ventures an,Packaging,129.20,0.95,0.74,1900.0,https://www.moneycontrol.com/india/stockpricequote/packaging/maxventuresindustries/MVI,MAXVIL.NS
101,Ambika Cotton,Textiles - Spinning - Cotton Blended,1814.70,12.95,0.72,1039.0,https://www.moneycontrol.com/india/stockpricequote/textilesspinningcottonblended/ambikacottonmills/ACM04,AMBIKCO.NS
102,Sintercom India,Castings & Forgings,85.55,0.60,0.71,236.0,https://www.moneycontrol.com/india/stockpricequote/castingsforgings/sintercomindia/SI73,SINTERCOM.NS
103,Balmer Lawrie,Diversified,126.45,0.85,0.68,2162.0,https://www.moneycontrol.com/india/stockpricequote/diversified/balmerlawriecompany/BLC,BALMLAWRIE.NS
104,Emmbi Ind,Packaging,99.90,0.65,0.65,177.0,https://www.moneycontrol.com/india/stockpricequote/packaging/emmbiindustries/EP09,EMMBI.NS
105,Filatex India,Textiles - Manmade,111.25,0.70,0.63,2464.0,https://www.moneycontrol.com/india/stockpricequote/textilesmanmade/filatexindia/FI06,FILATEX.NS
106,Hitech Corp,Plastics,256.20,1.60,0.63,440.0,https://www.moneycontrol.com/india/stockpricequote/plastics/hitechcorporation/HP08,HITECHCORP.NS
107,Aarvee Denim,Textiles - Denim,27.40,0.15,0.55,64.0,https://www.moneycontrol.com/india/stockpricequote/textilesdenim/aarveedenimexports/ADE,AARVEEDEN.NS
108,Nahar Ent,Textiles - Composite Mills,123.75,0.65,0.53,493.0,https://www.moneycontrol.com/india/stockpricequote/textilescompositemills/naharindustrialenterprises/NIE,NAHARINDUS.NS
109,Ester Ind,Packaging,167.55,0.85,0.51,1397.0,https://www.moneycontrol.com/india/stockpricequote/packaging/esterindustries/EI20,ESTER.NS
110,Orbit Exports,Textiles - Weaving,150.10,0.75,0.50,411.0,https://www.moneycontrol.com/india/stockpricequote/textilesweaving/orbitexports/OE,ORBTEXP.NS
111,Super Spinning,Textiles - Spinning - Cotton Blended,10.25,0.05,0.49,56.0,https://www.moneycontrol.com/india/stockpricequote/textilesspinningcottonblended/superspinningmills/SSM07,SUPERSPIN.NS
112,Lux Industries,Textiles - Processing,1824.75,8.70,0.48,5487.0,https://www.moneycontrol.com/india/stockpricequote/textilesprocessing/luxindustries/LHI,LUXIND.NS
113,Pudumjee Paper ,Paper,44.00,0.20,0.46,418.0,https://www.moneycontrol.com/india/stockpricequote/paper/pudumjeepaperproductslimited/PPP04,PDMJEPAPER.NS
114,Maral Overseas,Textiles - Spinning - Cotton Blended,67.25,0.30,0.45,279.0,https://www.moneycontrol.com/india/stockpricequote/textilesspinningcottonblended/maraloverseas/MO,MARALOVER.NS
115,Raymond,Textiles - Woollen & Worsted,980.65,4.35,0.45,6529.0,https://www.moneycontrol.com/india/stockpricequote/textileswoollenworsted/raymond/R,RAYMOND.NS
116,Indo Rama Synth,Textiles - Spinning - Synthetic Blended,62.40,0.25,0.40,1629.0,https://www.moneycontrol.com/india/stockpricequote/textilesspinningsyntheticblended/indoramasyntheticsindia/IRS,INDORAMA.NS
117,Emami Paper,Paper,178.45,0.70,0.39,1080.0,https://www.moneycontrol.com/india/stockpricequote/paper/emamipapermills/EPM01,EMAMIPAP.NS
118,Vishal Fabrics,Textiles - Spinning - Cotton Blended,25.55,0.10,0.39,505.0,https://www.moneycontrol.com/india/stockpricequote/textilesspinningcottonblended/vishalfabrics/VF01,VISHAL.NS
119,Vardhman Text,Textiles - Spinning - Cotton Blended,328.80,1.20,0.37,9505.0,https://www.moneycontrol.com/india/stockpricequote/textilesspinningcottonblended/vardhmantextiles/VT10,VTL.NS
120,Shreyans Ind,Paper,137.50,0.45,0.33,190.0,https://www.moneycontrol.com/india/stockpricequote/paper/shreyansindustries/SI20,SHREYANIND.NS
121,Cosmo First,Plastics,888.35,2.25,0.25,2422.0,https://www.moneycontrol.com/india/stockpricequote/plastics/cosmofirst/CF08,COSMOFIRST.NS
122,RamkrishnaForge,Castings & Forgings,206.85,0.45,0.22,3307.0,https://www.moneycontrol.com/india/stockpricequote/castingsforgings/ramkrishnaforgings/RF17,RKFORGE.NS
123,BSL,Textiles - Weaving,117.40,0.20,0.17,121.0,https://www.moneycontrol.com/india/stockpricequote/textilesweaving/bsl/BSL,BSL.NS
124,Suryalakshmi Co,Textiles - Spinning - Cotton Blended,71.25,0.10,0.14,134.0,https://www.moneycontrol.com/india/stockpricequote/textilesspinningcottonblended/suryalakshmicottonmills/SCM02,SURYALAXMI.NS
125,Acrysil India,,704.10,0.95,0.14,1885.0,https://www.moneycontrol.com/india/stockpricequote/acrysilindia/acrysilindia/AI04,ACRYSIL.NS
126,Welspun India,Textiles - Weaving,74.40,0.10,0.13,7351.0,https://www.moneycontrol.com/india/stockpricequote/textilesweaving/welspunindia/WI03,WELSPUNIND.NS
127,Bharat Forge,Castings & Forgings,767.70,1.00,0.13,35743.0,https://www.moneycontrol.com/india/stockpricequote/castingsforgings/bharatforge/BF03,BHARATFORG.NS
128,Lambodhara Text,Textiles - Spinning - Cotton Blended,92.30,0.10,0.11,96.0,https://www.moneycontrol.com/india/stockpricequote/textilesspinningcottonblended/lambodharatextile/LT02,LAMBODHARA.NS
129,Reliance Chemo,Textiles - Spinning - Synthetic Blended,190.25,0.20,0.11,144.0,https://www.moneycontrol.com/india/stockpricequote/textilesspinningsyntheticblended/reliancechemotexindustries/RCI02,RELCHEMQ.NS
130,Sundram,Fasteners,842.65,0.55,0.07,17706.0,https://www.moneycontrol.com/india/stockpricequote/fasteners/sundramfasteners/SF23,SUNDRMFAST.NS
131,Pearl Global In,Textiles - Readymade Apparels,574.50,0.05,0.01,1245.0,https://www.moneycontrol.com/india/stockpricequote/textilesreadymadeapparels/pearlglobalindustries/HPF01,PGIL.NS
132,Eastern Silk,Textiles - Synthetic & Silk,4.00,0.00,0.00,32.0,https://www.moneycontrol.com/india/stockpricequote/textilessyntheticsilk/easternsilkindustries/ESI06,EASTSILK.NS
133,Goldstar Power,Electricals,30.00,0.00,0.00,32.0,https://www.moneycontrol.com/india/stockpricequote/electricals/goldstarpower/GP15,GOLDSTAR.NS
134,Morarjee Text,Textiles - Spinning - Cotton Blended,21.00,0.00,0.00,76.0,https://www.moneycontrol.com/india/stockpricequote/textilesspinningcottonblended/morarjeetextiles/MT12,MORARJEE.NS
135,Sanco Ind,Plastics,9.15,0.00,0.00,12.0,https://www.moneycontrol.com/india/stockpricequote/plastics/sancoindustries/SI05,SANCO.NS
136,SRF,Diversified,2601.20,-2.20,-0.08,77106.0,https://www.moneycontrol.com/india/stockpricequote/diversified/srf/SRF,SRF.NS
137,Donear Ind,Textiles - Weaving,55.30,-0.05,-0.09,288.0,https://www.moneycontrol.com/india/stockpricequote/textilesweaving/donearindustries/DI25,DONEAR.NS
138,Lagnam Spintex ,,80.60,-0.10,-0.12,142.0,https://www.moneycontrol.com/india/stockpricequote/lagnamspintex/lagnamspintex/LS01,LAGNAM.NS
139,Everest Kanto,Packaging,118.60,-0.15,-0.13,1331.0,https://www.moneycontrol.com/india/stockpricequote/packaging/everestkantocylinder/EKC,EKC.NS
140,Malu Paper,Paper,35.70,-0.05,-0.14,61.0,https://www.moneycontrol.com/india/stockpricequote/paper/malupapermills/MPM03,MALUPAPER.NS
141,Mahindra CIE,Castings & Forgings,273.10,-0.45,-0.16,10359.0,https://www.moneycontrol.com/india/stockpricequote/castingsforgings/mahindracieautomotive/MF19,MAHINDCIE.NS
142,Akshar Spintex,Textiles - General,119.60,-0.20,-0.17,299.0,https://www.moneycontrol.com/india/stockpricequote/textilesgeneral/aksharspintexltd/ASL,AKSHAR.NS
143,TPL Plastech,Plastics,164.80,-0.30,-0.18,257.0,https://www.moneycontrol.com/india/stockpricequote/plastics/tplplastech/TPL02,TPLPLASTEH.NS
144,Mayur Uniquoter,Plastics,475.60,-0.95,-0.20,2090.0,https://www.moneycontrol.com/india/stockpricequote/plastics/mayuruniquoters/MU,MAYURUNIQ.NS
145,Kanpur Plast,Packaging,118.25,-0.30,-0.25,254.0,https://www.moneycontrol.com/india/stockpricequote/packaging/kanpurplastipacks/KP02,KANPRPLA.NS
146,Nelcast,Castings & Forgings,77.55,-0.20,-0.26,675.0,https://www.moneycontrol.com/india/stockpricequote/castingsforgings/nelcast/N06,NELCAST.NS
147,Page Industries,Textiles - Readymade Apparels,49786.20,-129.75,-0.26,55531.0,https://www.moneycontrol.com/india/stockpricequote/textilesreadymadeapparels/pageindustries/PI35,PAGEIND.NS
148,Garware Technic,Textiles - General,3422.60,-9.00,-0.26,7057.0,https://www.moneycontrol.com/india/stockpricequote/textilesgeneral/garwaretechnicalfibres/GWR,GARFIBRES.NS
149,Vardhman Hold,Finance - Investments,2993.50,-12.00,-0.40,955.0,https://www.moneycontrol.com/india/stockpricequote/financeinvestments/vardhmanholdings/VH05,VHL.NS
150,Astral Ltd,Plastics,2305.10,-9.35,-0.40,46315.0,https://www.moneycontrol.com/india/stockpricequote/plastics/astrallimited/APT02,ASTRAL.NS
151,Lovable Lingeri,Textiles - Readymade Apparels,164.70,-0.70,-0.42,244.0,https://www.moneycontrol.com/india/stockpricequote/textilesreadymadeapparels/lovablelingerie/LL04,LOVABLE.NS
152,Nitin Spinners,Textiles - Spinning - Cotton Blended,219.90,-1.00,-0.45,1236.0,https://www.moneycontrol.com/india/stockpricequote/textilesspinningcottonblended/nitinspinners/NS12,NITINSPIN.NS
153,PDS,Textiles - General,315.90,-1.50,-0.47,4122.0,https://www.moneycontrol.com/india/stockpricequote/textilesgeneral/pds/PDS,PDSL.NS
154,JK Paper,Paper,420.30,-2.10,-0.50,7120.0,https://www.moneycontrol.com/india/stockpricequote/paper/jkpaper/JKP01,JKPAPER.NS
155,West Coast Pap,Paper,607.55,-3.15,-0.52,4013.0,https://www.moneycontrol.com/india/stockpricequote/paper/westcoastpapermills/WCP,WSTCSTPAPR.NS
156,Mold-Tek Pack,Plastics,941.90,-4.90,-0.52,3120.0,https://www.moneycontrol.com/india/stockpricequote/plastics/moldtekpackaging/MTP01,MOLDTKPAC.NS
157,Borosil Renew,Glass & Glass Products,559.00,-3.10,-0.55,7291.0,https://www.moneycontrol.com/india/stockpricequote/glassglassproducts/borosilrenewablesltd/BGW,BORORENEW.NS
158,Siyaram Silk,Textiles - Weaving,496.20,-2.85,-0.57,2326.0,https://www.moneycontrol.com/india/stockpricequote/textilesweaving/siyaramsilkmills/SSM05,SIYSIL.NS
159,Genus Paper,Paper,16.80,-0.10,-0.59,432.0,https://www.moneycontrol.com/india/stockpricequote/paper/genuspaperboards/GPB,GENUSPAPER.NS
160,Shree Rama News,Paper,16.70,-0.10,-0.60,246.0,https://www.moneycontrol.com/india/stockpricequote/paper/shreeramanewsprint/RNP01,RAMANEWS.NS
161,SIL Invest,Finance - Investments,307.35,-1.95,-0.63,326.0,https://www.moneycontrol.com/india/stockpricequote/financeinvestments/silinvestments/SIL16,SILINV.NS
162,CG Consumer,Electricals,392.70,-2.55,-0.65,24965.0,https://www.moneycontrol.com/india/stockpricequote/electricals/cromptongreavesconsumerelectrical/CGC01,CROMPTON.NS
163,Vardhman Poly,Textiles - Spinning - Cotton Blended,22.90,-0.15,-0.65,51.0,https://www.moneycontrol.com/india/stockpricequote/textilesspinningcottonblended/vardhmanpolytex/VP09,VARDMNPOLY.NS
164,Astron Paper & ,Paper,38.00,-0.25,-0.65,177.0,https://www.moneycontrol.com/india/stockpricequote/paper/astronpaperboardmillltd/APB,ASTRON.NS
165,Weizmann,Textiles - Processing,75.25,-0.50,-0.66,119.0,https://www.moneycontrol.com/india/stockpricequote/textilesprocessing/weizmann/W02,WEIZMANIND.NS
166,VIP Industries,,586.95,-4.10,-0.69,8311.0,https://www.moneycontrol.com/india/stockpricequote/vipindustries/vipindustries/VIP,VIPIND.NS
167,Sarla Performan,Textiles - Processing,57.15,-0.40,-0.70,477.0,https://www.moneycontrol.com/india/stockpricequote/textilesprocessing/sarlaperformancefibers/SPF01,SARLAPOLY.NS
168,Ruby Mills,Textiles - Composite Mills,642.30,-4.80,-0.74,1074.0,https://www.moneycontrol.com/india/stockpricequote/textilescompositemills/rubymills/RM04,RUBYMILLS.NS
169,GKW,Fasteners,578.05,-4.75,-0.82,345.0,https://www.moneycontrol.com/india/stockpricequote/fasteners/gkw/GKW,GKWLIMITED.NS
170,Vardhman Acryli,Textiles - Manmade,56.85,-0.50,-0.87,457.0,https://www.moneycontrol.com/india/stockpricequote/textilesmanmade/vardhmanacrylics/VA08,VARDHACRLC.NS
171,Pearl Polymers,Plastics,22.60,-0.20,-0.88,38.0,https://www.moneycontrol.com/india/stockpricequote/plastics/pearlpolymers/PP08,PEARLPOLY.NS
172,Nandan Denim,Textiles - Denim,30.60,-0.30,-0.97,441.0,https://www.moneycontrol.com/india/stockpricequote/textilesdenim/nandandenim/NE06,NDL.NS
173,Xpro India,Packaging,743.55,-7.35,-0.98,1318.0,https://www.moneycontrol.com/india/stockpricequote/packaging/xproindia/XI,XPROINDIA.NS
174,Responsive Ind,Construction & Contracting - Civil,145.25,-1.75,-1.19,3877.0,https://www.moneycontrol.com/india/stockpricequote/constructioncontractingcivil/responsiveindustries/SH10,RESPONIND.NS
175,Guj Raffia Ind,Packaging,31.80,-0.40,-1.24,17.0,https://www.moneycontrol.com/india/stockpricequote/packaging/gujaratraffiaindustries/GRI,GUJRAFFIA.NS
176,Nagreeka Export,Textiles - Spinning - Cotton Blended,38.90,-0.50,-1.27,49.0,https://www.moneycontrol.com/india/stockpricequote/textilesspinningcottonblended/nagreekaexports/NE,NAGREEKEXP.NS
177,Sintex Plastics,Plastics,3.75,-0.05,-1.32,239.0,https://www.moneycontrol.com/india/stockpricequote/plastics/sintexplasticstechnology/SPT,SPTL.NS
178,Zenithexpo,Textiles - Synthetic & Silk,86.20,-1.15,-1.32,47.0,https://www.moneycontrol.com/india/stockpricequote/textilessyntheticsilk/zenithexports/ZE,ZENITHEXPO.NS
179,Ginni Filaments,Textiles - Spinning - Cotton Blended,37.40,-0.50,-1.32,320.0,https://www.moneycontrol.com/india/stockpricequote/textilesspinningcottonblended/ginnifilaments/GF01,GINNIFILA.NS
180,Max Financial,Finance - Investments,804.10,-11.10,-1.36,27751.0,https://www.moneycontrol.com/india/stockpricequote/financeinvestments/maxfinancialservices/MI,MFSL.NS
181,Kingfa Science,Plastics,1273.05,-17.90,-1.39,1542.0,https://www.moneycontrol.com/india/stockpricequote/plastics/kingfasciencetechnology/HSS,KINGFA.NS
182,HLE Glascoat,Glass & Glass Products,3889.55,-57.50,-1.46,5310.0,https://www.moneycontrol.com/india/stockpricequote/glassglassproducts/hleglascoat/SGE02,HLEGLAS.NS
183,La Opala RG,Glass & Glass Products,336.95,-5.25,-1.53,3740.0,https://www.moneycontrol.com/india/stockpricequote/glassglassproducts/laopalarg/LOR,LAOPALA.NS
184,RSWM,Textiles - Spinning - Synthetic Blended,363.60,-5.70,-1.54,856.0,https://www.moneycontrol.com/india/stockpricequote/textilesspinningsyntheticblended/rswm/RSW01,RSWM.NS
185,Mohota Ind,Textiles - Composite Mills,6.20,-0.10,-1.59,9.0,https://www.moneycontrol.com/india/stockpricequote/textilescompositemills/mohotaindustries/RRM,MOHOTAIND.NS
186,Damodar Ind,Textiles - Spinning - Synthetic Blended,54.75,-0.90,-1.62,128.0,https://www.moneycontrol.com/india/stockpricequote/textilesspinningsyntheticblended/damodarindustries/DT,DAMODARIND.NS
187,Andhra Paper,Paper,481.55,-8.35,-1.70,1915.0,https://www.moneycontrol.com/india/stockpricequote/paper/andhrapaperlimited/APP,ANDHRAPAP.NS
188,Plastiblends,Plastics,223.20,-4.15,-1.83,580.0,https://www.moneycontrol.com/india/stockpricequote/plastics/plastiblendsindia/PI13,PLASTIBLEN.NS
189,Rajshree Polypa,,205.20,-4.25,-2.03,231.0,https://www.moneycontrol.com/india/stockpricequote/rajshreepolypack/rajshreepolypack/RP27,RPPL.NS
190,Soma Textile,Textiles - Composite Mills,7.20,-0.15,-2.04,24.0,https://www.moneycontrol.com/india/stockpricequote/textilescompositemills/somatextilesindustries/STI03,SOMATEX.NS
191,Alps Industries,Textiles - General,2.35,-0.05,-2.08,9.0,https://www.moneycontrol.com/india/stockpricequote/textilesgeneral/alpsindustries/AI12,ALPSINDUS.NS
192,Salona Cotspin,Textiles - Spinning - Cotton Blended,256.10,-5.65,-2.16,136.0,https://www.moneycontrol.com/india/stockpricequote/textilesspinningcottonblended/salonacotspin/SC48,SALONA.NS
193,Mohit Ind,Textiles - Processing,19.50,-0.45,-2.26,28.0,https://www.moneycontrol.com/india/stockpricequote/textilesprocessing/mohitindustries/MI36,MOHITIND.NS
194,Nilkamal,Plastics,2134.20,-58.50,-2.67,3185.0,https://www.moneycontrol.com/india/stockpricequote/plastics/nilkamal/NP08,NILKAMAL.NS
195,Arrow Greentech,Plastics,75.30,-2.15,-2.78,106.0,https://www.moneycontrol.com/india/stockpricequote/plastics/arrowgreentech/ACP,ARROWGREEN.NS
196,MM Forgings,Castings & Forgings,930.35,-27.90,-2.91,2246.0,https://www.moneycontrol.com/india/stockpricequote/castingsforgings/mmforgings/MMF,MMFL.NS
197,Seshasayee Pape,Paper,292.70,-8.95,-2.97,1846.0,https://www.moneycontrol.com/india/stockpricequote/paper/seshasayeepaperboards/SPB,SESHAPAPER.NS
198,Jindal PolyFilm,Packaging,990.50,-30.60,-3.00,4337.0,https://www.moneycontrol.com/india/stockpricequote/packaging/jindalpolyfilms/JPF01,JINDALPOLY.NS
199,B&B Triplewall ,,275.00,-9.00,-3.17,564.0,https://www.moneycontrol.com/india/stockpricequote/bbtriplewallcontainers/bbtriplewallcontainers/BTC,BBTCL.NS
200,Tainwala Chem,Plastics,89.60,-3.20,-3.45,84.0,https://www.moneycontrol.com/india/stockpricequote/plastics/tainwalachemicalsplasticsindia/TCP,TAINWALCHM.NS
201,Integra Essenti,,6.60,-0.30,-4.35,255.0,https://www.moneycontrol.com/india/stockpricequote/integraessentia/integraessentia/IGT,ESSENTIA.NS
202,Bombay Rayon,Textiles - General,3.20,-0.15,-4.48,102.0,https://www.moneycontrol.com/india/stockpricequote/textilesgeneral/bombayrayonfashions/BRF,BRFL.NS
203,Shri Rama Multi,Packaging,16.95,-0.80,-4.51,108.0,https://www.moneycontrol.com/india/stockpricequote/packaging/shreeramamultitech/SRI01,SHREERAMA.NS
204,SKS Textiles,Textiles - General,22.00,-1.05,-4.56,7.0,https://www.moneycontrol.com/india/stockpricequote/textilesgeneral/skstextiles/ST27,SKSTEXTILE.NS
205,Shekhawati Poly,Textiles - Manmade,1.00,-0.05,-4.76,34.0,https://www.moneycontrol.com/india/stockpricequote/textilesmanmade/shekhawatipolyyarn/SP09,SPYL.NS
206,Hind Nat Glass,Glass & Glass Products,10.85,-0.55,-4.82,97.0,https://www.moneycontrol.com/india/stockpricequote/glassglassproducts/hindusthannationalglassindustries/HNG01,HINDNATGLS.NS
207,SEL Mgf Company,Textiles - General,784.20,-41.25,-5.00,2598.0,https://www.moneycontrol.com/india/stockpricequote/textilesgeneral/selmanufacturingcompany/SMC01,SELMC.NS
