,Stocks,Industry,LastPrice,Change,PctChange,MktCap,URL,Ticker
0,Dish TV,Media & Entertainment,17.00,2.80,19.72,3130.0,https://www.moneycontrol.com/india/stockpricequote/mediaentertainment/dishtvindia/DTV,DISHTV.NS
1,TV18 Broadcast,Media & Entertainment,44.65,3.10,7.46,7655.0,https://www.moneycontrol.com/india/stockpricequote/mediaentertainment/tv18broadcast/IBN,TV18BRDCST.NS
2,TV TodayNetwork,Media & Entertainment,307.55,18.55,6.42,1835.0,https://www.moneycontrol.com/india/stockpricequote/mediaentertainment/tvtodaynetwork/TVT,TVTODAY.NS
3,NDTV,Media & Entertainment,545.75,25.95,4.99,3519.0,https://www.moneycontrol.com/india/stockpricequote/mediaentertainment/newdelhitelevision/NDT01,NDTV.NS
4,Den Networks,Media & Entertainment,38.55,1.80,4.90,1840.0,https://www.moneycontrol.com/india/stockpricequote/mediaentertainment/dennetworks/DN02,DEN.NS
5,Ortel Comm,Media & Entertainment,1.10,0.05,4.76,4.0,https://www.moneycontrol.com/india/stockpricequote/mediaentertainment/ortelcommunications/OC05,ORTEL.NS
6,PVR,Media & Entertainment,1937.65,78.20,4.21,11833.0,https://www.moneycontrol.com/india/stockpricequote/mediaentertainment/pvr/PVR,PVR.NS
7,Eros Intl,Media & Entertainment,45.00,1.70,3.93,431.0,https://www.moneycontrol.com/india/stockpricequote/mediaentertainment/erosinternationalmedia/EIM,EROSMEDIA.NS
8,INOX Leisure,Media & Entertainment,523.65,18.35,3.63,6406.0,https://www.moneycontrol.com/india/stockpricequote/mediaentertainment/inoxleisure/INO01,INOXLEISUR.NS
9,Next Mediaworks,Media & Entertainment,5.95,0.20,3.48,40.0,https://www.moneycontrol.com/india/stockpricequote/mediaentertainment/nextmediaworks/MDM01,NEXTMEDIA.NS
10,Hathway Cable,Media & Entertainment,18.70,0.60,3.31,3310.0,https://www.moneycontrol.com/india/stockpricequote/mediaentertainment/hathwaycabledatacom/HCD,HATHWAY.NS
11,Sri Adhikari,Media & Entertainment,1.60,0.05,3.23,6.0,https://www.moneycontrol.com/india/stockpricequote/mediaentertainment/sriadhikaribrotherstelevision/SAB,SABTN.NS
12,Diligent Media ,Media & Entertainment,3.30,0.10,3.12,39.0,https://www.moneycontrol.com/india/stockpricequote/mediaentertainment/diligentmediacorporationltd/DMC05,DNAMEDIA.NS
13,Raj Television,Media & Entertainment,47.95,1.45,3.12,249.0,https://www.moneycontrol.com/india/stockpricequote/mediaentertainment/rajtelevisionnetwork/RTN,RAJTV.NS
14,Siti Networks,Media & Entertainment,1.70,0.05,3.03,148.0,https://www.moneycontrol.com/india/stockpricequote/mediaentertainment/sitinetworks/WWI,SITINET.NS
15,Sona Hi Sona ,Gold,19.10,0.55,2.96,32.0,https://www.moneycontrol.com/india/stockpricequote/gold/sonahisonajewellersgujarat/SHS01,SONAHISONA.NS
16,GTPL Hathway,Media & Entertainment,179.65,4.40,2.51,2020.0,https://www.moneycontrol.com/india/stockpricequote/mediaentertainment/gtplhathway/GH02,GTPL.NS
17,HT Media,Media & Entertainment,21.60,0.50,2.37,503.0,https://www.moneycontrol.com/india/stockpricequote/mediaentertainment/htmedia/HT,HTMEDIA.NS
18,DB Corp,Media & Entertainment,108.55,2.40,2.26,1923.0,https://www.moneycontrol.com/india/stockpricequote/mediaentertainment/dbcorp/C13,DBCORP.NS
19,SAB Events,Media & Entertainment,7.00,0.15,2.19,7.0,https://www.moneycontrol.com/india/stockpricequote/mediaentertainment/sabeventsgovernancenowmedia/SAB02,SABEVENTS.NS
20,Mukta Arts,Media & Entertainment,57.75,1.20,2.12,130.0,https://www.moneycontrol.com/india/stockpricequote/mediaentertainment/muktaarts/MA02,MUKTAARTS.NS
21,Pritish Nandy,Media & Entertainment,47.00,0.85,1.84,68.0,https://www.moneycontrol.com/india/stockpricequote/mediaentertainment/pritishnandycommunications/PNC,PNC.NS
22,Rolex Rings,Metals - Castings/Forgings,1903.85,28.90,1.54,5185.0,https://www.moneycontrol.com/india/stockpricequote/metalscastingsforgings/rolexrings/RR11,ROLEXRINGS.NS
23,Vertoz Advertis,,88.20,1.25,1.44,106.0,https://www.moneycontrol.com/india/stockpricequote/vertozadvertising/vertozadvertising/VA09,VERTOZ.NS
24,Shyam Metalics,Iron & Steel,298.85,3.90,1.32,7623.0,https://www.moneycontrol.com/india/stockpricequote/ironsteel/shyammetalicsenergy/SME05,SHYAMMETL.NS
25,Prime Focus,Media & Entertainment,80.20,0.80,1.01,2402.0,https://www.moneycontrol.com/india/stockpricequote/mediaentertainment/primefocus/PF13,PFOCUS.NS
26,WinPro Ind.,,5.05,0.05,1.00,50.0,https://www.moneycontrol.com/india/stockpricequote/winproindustries/winproindustries/CG02,WINPRO.NS
27,JagranPrakashan,Media & Entertainment,64.75,0.60,0.94,1707.0,https://www.moneycontrol.com/india/stockpricequote/mediaentertainment/jagranprakashan/JP12,JAGRAN.NS
28,Zee Entertain,Media & Entertainment,251.00,2.25,0.90,24109.0,https://www.moneycontrol.com/india/stockpricequote/mediaentertainment/zeeentertainmententerprises/ZEE,ZEEL.NS
29,Cinevista,Media & Entertainment,14.50,0.10,0.69,83.0,https://www.moneycontrol.com/india/stockpricequote/mediaentertainment/cinevista/C97,CINEVISTA.NS
30,Touchwood Enter,Media & Entertainment,79.45,0.35,0.44,81.0,https://www.moneycontrol.com/india/stockpricequote/mediaentertainment/touchwoodentertainmentltd/TEL,TOUCHWOOD.NS
31,Hindustan Media,Media & Entertainment,59.85,0.15,0.25,441.0,https://www.moneycontrol.com/india/stockpricequote/mediaentertainment/hindustanmediaventures/HMV,HMVL.NS
32,Venus Pipes,Iron & Steel,400.70,0.30,0.07,813.0,https://www.moneycontrol.com/india/stockpricequote/ironsteel/venuspipestubes/VPT01,VENUSPIPES.NS
33,Saregama India,Media & Entertainment,412.10,0.05,0.01,7946.0,https://www.moneycontrol.com/india/stockpricequote/mediaentertainment/saregamaindia/SI67,SAREGAMA.NS
34,Radaan Media,Media & Entertainment,1.50,0.00,0.00,8.0,https://www.moneycontrol.com/india/stockpricequote/mediaentertainment/radaanmediaworksindia/RMW,RADAAN.NS
35,TV Vision,Media & Entertainment,3.05,0.00,0.00,11.0,https://www.moneycontrol.com/india/stockpricequote/mediaentertainment/tvvision/TVV,TVVISION.NS
36,Music Broadcast,Media & Entertainment,24.45,-0.05,-0.20,845.0,https://www.moneycontrol.com/india/stockpricequote/mediaentertainment/musicbroadcast/MB05,RADIOCITY.NS
37,Hariom Pipe,Iron & Steel,272.65,-1.10,-0.40,695.0,https://www.moneycontrol.com/india/stockpricequote/ironsteel/hariompipeindustries/HPI02,HARIOMPIPE.NS
38,Balaji Telefilm,Media & Entertainment,54.05,-0.30,-0.55,547.0,https://www.moneycontrol.com/india/stockpricequote/mediaentertainment/balajitelefilms/BT06,BALAJITELE.NS
39,Pressman Advt,,40.30,-0.25,-0.62,95.0,https://www.moneycontrol.com/india/stockpricequote/pressmanadvertising/pressmanadvertising/NF07,PRESSMN.NS
40,Tips Industries,Media & Entertainment,1561.20,-12.80,-0.81,2025.0,https://www.moneycontrol.com/india/stockpricequote/mediaentertainment/tipsindustries/TI25,TIPSINDLTD.NS
41,Cineline India,Media & Entertainment,128.80,-1.50,-1.15,407.0,https://www.moneycontrol.com/india/stockpricequote/mediaentertainment/cinelineindia/CI38,CINELINE.NS
42,Ent Network Ind,Media & Entertainment,171.85,-2.20,-1.26,819.0,https://www.moneycontrol.com/india/stockpricequote/mediaentertainment/entertainmentnetworkindia/ENI,ENIL.NS
43,Shemaroo Ent,Media & Entertainment,133.65,-1.95,-1.44,363.0,https://www.moneycontrol.com/india/stockpricequote/mediaentertainment/shemarooentertainment/SE03,SHEMAROO.NS
44,Sun TV Network,Media & Entertainment,510.60,-8.05,-1.55,20122.0,https://www.moneycontrol.com/india/stockpricequote/mediaentertainment/suntvnetwork/STN01,SUNTV.NS
45,Sphere Global,Computers - Software,16.25,-0.30,-1.81,30.0,https://www.moneycontrol.com/india/stockpricequote/computerssoftware/adroitinfotechlimited/CC22,ADROITINFO.NS
46,Silly Monks Ent,Media & Entertainment,24.00,-0.55,-2.24,25.0,https://www.moneycontrol.com/india/stockpricequote/mediaentertainment/sillymonksentertainment/SME03,SILLYMONKS.NS
47,UFO Moviez,Media & Entertainment,114.70,-3.65,-3.08,437.0,https://www.moneycontrol.com/india/stockpricequote/mediaentertainment/ufomoviezindia/UMI03,UFO.NS
48,Zee Media,Media & Entertainment,18.90,-0.65,-3.32,1182.0,https://www.moneycontrol.com/india/stockpricequote/mediaentertainment/zeemediacorporation/ZN,ZEEMEDIA.NS
49,Cyber Media,Media & Entertainment,16.05,-0.65,-3.89,25.0,https://www.moneycontrol.com/india/stockpricequote/mediaentertainment/cybermediaindia/CMI01,CYBERMEDIA.NS
50,Euro Panel,Aluminium & Aluminium Products,121.20,-5.95,-4.68,297.0,https://www.moneycontrol.com/india/stockpricequote/aluminiumaluminiumproducts/europanelproducts/EPP,EUROBOND.NS
51,Mangalam World,Iron & Steel,114.75,-6.15,-5.09,207.0,https://www.moneycontrol.com/india/stockpricequote/ironsteel/mangalamworldwide/MW01,MWL.NS
