,Stocks,Industry,LastPrice,Change,PctChange,MktCap,URL,Ticker
0,Jai Corp,Steel - GP & GC Sheets,162.05,23.05,16.58,2892.0,https://www.moneycontrol.com/india/stockpricequote/steelgpgcsheets/jaicorp/JC08,JAICORPLTD.NS
1,Good Luck,Steel - Tubes & Pipes,484.10,44.75,10.19,1259.0,https://www.moneycontrol.com/india/stockpricequote/steeltubespipes/goodluckindia/GLS,GOODLUCK.NS
2,Cubex Tubings,Metals - Non Ferrous,28.45,2.45,9.42,41.0,https://www.moneycontrol.com/india/stockpricequote/metalsnonferrous/cubextubings/CT05,CUBEXTUB.NS
3,MSP Steel,Steel - Sponge Iron,10.30,0.80,8.42,397.0,https://www.moneycontrol.com/india/stockpricequote/steelspongeiron/mspsteelpower/MSP,MSPL.NS
4,Shivalik Bimeta,Steel - Medium & Small,644.55,37.85,6.24,2475.0,https://www.moneycontrol.com/india/stockpricequote/steelmediumsmall/shivalikbimetalcontrols/SBC01,SBCL.NS
5,Century Extr,Aluminium,14.05,0.80,6.04,112.0,https://www.moneycontrol.com/india/stockpricequote/aluminium/centuryextrusions/CE02,CENTEXT.NS
6,Manaksia Alumin,Aluminium,23.25,1.30,5.92,152.0,https://www.moneycontrol.com/india/stockpricequote/aluminium/manaksiaaluminiumcompany/MAC03,MANAKALUCO.NS
7,Gyscoal Alloys,Steel - Sponge Iron,2.95,0.15,5.36,47.0,https://www.moneycontrol.com/india/stockpricequote/steelspongeiron/gyscoalalloys/GA01,GAL.NS
8,Welspun Corp,Steel - Tubes & Pipes,254.10,12.80,5.30,6645.0,https://www.moneycontrol.com/india/stockpricequote/steeltubespipes/welspuncorp/WGS,WELCORP.NS
9,Ram Ratna Wires,Metals - Non Ferrous,375.25,17.65,4.94,826.0,https://www.moneycontrol.com/india/stockpricequote/metalsnonferrous/ramratnawires/RRW,RAMRAT.NS
10,SAL Steel,Steel - Medium & Small,8.65,0.40,4.85,73.0,https://www.moneycontrol.com/india/stockpricequote/steelmediumsmall/salsteel/SAL03,SALSTEEL.NS
11,Oil Country,Steel - Tubes & Pipes,9.50,0.40,4.40,42.0,https://www.moneycontrol.com/india/stockpricequote/steeltubespipes/oilcountrytubular/OCT,OILCOUNTUB.NS
12,Satvahana Ispat,Steel - Pig Iron,2.40,0.10,4.35,12.0,https://www.moneycontrol.com/india/stockpricequote/steelpigiron/sathavahanaispat/SI07,SATHAISPAT.NS
13,Grand Foundry,,3.65,0.15,4.29,11.0,https://www.moneycontrol.com/india/stockpricequote/grandfoundry/grandfoundry/GF05,GFSTEELS.NS
14,Pennar Inds,Steel - CR & HR Strips,48.05,1.85,4.00,667.0,https://www.moneycontrol.com/india/stockpricequote/steelcrhrstrips/pennarindustries/PI28,PENIND.NS
15,Usha Martin,Steel - Medium & Small,142.90,5.45,3.97,4355.0,https://www.moneycontrol.com/india/stockpricequote/steelmediumsmall/ushamartin/UM01,USHAMART.NS
16,Sunflag Iron,Steel - Rolling,91.70,3.25,3.67,1653.0,https://www.moneycontrol.com/india/stockpricequote/steelrolling/sunflagironsteelcompany/SIS05,SUNFLAG.NS
17,Hindalco,,429.30,14.40,3.47,96471.0,https://www.moneycontrol.com/india/stockpricequote/hindalcoindustries/hindalcoindustries/HI,HINDALCO.NS
18,Kirloskar Ferro,Steel - Pig Iron,260.05,8.00,3.17,3610.0,https://www.moneycontrol.com/india/stockpricequote/steelpigiron/kirloskarferrousindustries/KFI01,KIRLFER.NS
19,JSW Steel,Steel - Large,681.95,20.55,3.11,164842.0,https://www.moneycontrol.com/india/stockpricequote/steellarge/jswsteel/JSW01,JSWSTEEL.NS
20,Man Industries,Steel - Tubes & Pipes,92.50,2.75,3.06,556.0,https://www.moneycontrol.com/india/stockpricequote/steeltubespipes/manindustriesindia/MII,MANINDS.NS
21,NALCO,Aluminium,79.40,2.30,2.98,14583.0,https://www.moneycontrol.com/india/stockpricequote/aluminium/nationalaluminiumcompany/NAC,NATIONALUM.NS
22,Sarda Energy,Steel - Sponge Iron,914.30,26.35,2.97,3296.0,https://www.moneycontrol.com/india/stockpricequote/steelspongeiron/sardaenergyminerals/SEM,SARDAEN.NS
23,JSW Ispat Speci,Steel - Sponge Iron,29.00,0.80,2.84,1362.0,https://www.moneycontrol.com/india/stockpricequote/steelspongeiron/jswispatspecialproducts/MI16,JSWISPL.NS
24,KIOCL,Steel - Sponge Iron,205.05,5.30,2.65,12462.0,https://www.moneycontrol.com/india/stockpricequote/steelspongeiron/kiocl/KIO,KIOCL.NS
25,Ashapura Mine,Mining & Minerals,108.20,2.60,2.46,990.0,https://www.moneycontrol.com/india/stockpricequote/miningminerals/ashapuraminechem/AM07,ASHAPURMIN.NS
26,Ratnamani Metal,Steel - Tubes & Pipes,1877.70,44.40,2.42,13161.0,https://www.moneycontrol.com/india/stockpricequote/steeltubespipes/ratnamanimetalstubes/RMT,RATNAMANI.NS
27,Steel Exchange ,Steel - Large,15.15,0.35,2.36,1334.0,https://www.moneycontrol.com/india/stockpricequote/steellarge/steelexchangeindia/SEI02,STEELXIND.NS
28,Maithan Alloys,Mining & Minerals,1035.25,21.65,2.14,3014.0,https://www.moneycontrol.com/india/stockpricequote/miningminerals/maithanalloys/MA04,MAITHANALL.NS
29,Hisar Metal,Steel - Medium & Small,136.75,2.85,2.13,74.0,https://www.moneycontrol.com/india/stockpricequote/steelmediumsmall/hisarmetal/HM05,HISARMETAL.NS
30,APL Apollo,Steel - Tubes & Pipes,1057.45,21.95,2.12,26466.0,https://www.moneycontrol.com/india/stockpricequote/steeltubespipes/aplapollotubes/BT09,APLAPOLLO.NS
31,Jindal Saw,Steel - Tubes & Pipes,87.75,1.75,2.03,2806.0,https://www.moneycontrol.com/india/stockpricequote/steeltubespipes/jindalsaw/JS08,JINDALSAW.NS
32,Bedmutha Ind,Steel - Medium & Small,70.30,1.40,2.03,227.0,https://www.moneycontrol.com/india/stockpricequote/steelmediumsmall/bedmuthaindustries/BI05,BEDMUTHA.NS
33,Tata Metaliks,Steel - Pig Iron,795.60,15.35,1.97,2512.0,https://www.moneycontrol.com/india/stockpricequote/steelpigiron/tatametaliks/TM,TATAMETALI.NS
34,Vaswani Ind,Steel - Sponge Iron,22.00,0.40,1.85,66.0,https://www.moneycontrol.com/india/stockpricequote/steelspongeiron/vaswaniindustries/VI14,VASWANI.NS
35,Ajmera Realty,Construction & Contracting - Real Estate,282.20,4.95,1.79,1001.0,https://www.moneycontrol.com/india/stockpricequote/constructioncontractingrealestate/ajmerarealtyinfraindia/ARI03,AJMERA.NS
36,Mahamaya Steel,Steel - CR & HR Strips,68.55,1.20,1.78,113.0,https://www.moneycontrol.com/india/stockpricequote/steelcrhrstrips/mahamayasteelindustries/MSI11,MAHASTEEL.NS
37,Jindal Steel,Steel - Sponge Iron,425.65,7.45,1.78,43420.0,https://www.moneycontrol.com/india/stockpricequote/steelspongeiron/jindalsteelpower/JSP,JINDALSTEL.NS
38,Prakash Steelag,Steel - Tubes & Pipes,5.95,0.10,1.71,104.0,https://www.moneycontrol.com/india/stockpricequote/steeltubespipes/prakashsteelage/PS16,PRAKASHSTL.NS
39,SAIL,Steel - Large,80.50,1.30,1.64,33251.0,https://www.moneycontrol.com/india/stockpricequote/steellarge/steelauthorityindia/SAI,SAIL.NS
40,ISMT,Steel - Rolling,55.65,0.85,1.55,1672.0,https://www.moneycontrol.com/india/stockpricequote/steelrolling/ismt/ISM01,ISMTLTD.NS
41,Uttam Galva,Steel - GP & GC Sheets,3.65,0.05,1.39,52.0,https://www.moneycontrol.com/india/stockpricequote/steelgpgcsheets/uttamgalvasteel/UGS01,UTTAMSTL.NS
42,Tata Steel,,106.90,1.40,1.33,130563.0,https://www.moneycontrol.com/india/stockpricequote/tatasteel/tatasteel/TIS,TATASTEEL.NS
43,Hind Copper,Metals - Non Ferrous,116.80,1.45,1.26,11295.0,https://www.moneycontrol.com/india/stockpricequote/metalsnonferrous/hindustancopper/HC07,HINDCOPPER.NS
44,Incredible Ind,Steel - Medium & Small,24.30,0.30,1.25,114.0,https://www.moneycontrol.com/india/stockpricequote/steelmediumsmall/incredibleindustries/AI67,INCREDIBLE.NS
45,Vedanta,Mining & Minerals,260.40,3.15,1.22,96796.0,https://www.moneycontrol.com/india/stockpricequote/miningminerals/vedanta/SG,VEDL.NS
46,Coal India,Mining & Minerals,231.60,2.30,1.00,142729.0,https://www.moneycontrol.com/india/stockpricequote/miningminerals/coalindia/CI11,COALINDIA.NS
47,Impex FerroTech,Mining & Minerals,5.05,0.05,1.00,44.0,https://www.moneycontrol.com/india/stockpricequote/miningminerals/impexferrotech/IFT,IMPEXFERRO.NS
48,Zenith SP&I,Steel - Tubes & Pipes,6.05,0.05,0.83,86.0,https://www.moneycontrol.com/india/stockpricequote/steeltubespipes/zenithsteelpipesindustries/ZBI,ZENITHSTL.NS
49,Visa Steel,Steel - Large,13.55,0.10,0.74,157.0,https://www.moneycontrol.com/india/stockpricequote/steellarge/visasteel/VS15,VISASTEEL.NS
50,Hind Zinc,Metals - Non Ferrous,287.45,2.05,0.72,121457.0,https://www.moneycontrol.com/india/stockpricequote/metalsnonferrous/hindustanzinc/HZ,HINDZINC.NS
51,Jindal (Hisar),Steel - Large,247.10,1.45,0.59,5830.0,https://www.moneycontrol.com/india/stockpricequote/steellarge/jindalstainlesshisar/JSH,JSLHISAR.NS
52,Kalyani Steels,Steel - Rolling,332.10,1.65,0.50,1450.0,https://www.moneycontrol.com/india/stockpricequote/steelrolling/kalyanisteels/KS01,KSL.NS
53,NMDC,Mining & Minerals,122.50,0.50,0.41,35900.0,https://www.moneycontrol.com/india/stockpricequote/miningminerals/nmdc/NMD02,NMDC.NS
54,Sagardeep Alloy,Metals - Non Ferrous,30.50,0.10,0.33,52.0,https://www.moneycontrol.com/india/stockpricequote/metalsnonferrous/sagardeepalloys/SA05,SAGARDEEP.NS
55,Precision Wires,Metals - Non Ferrous,91.55,0.25,0.27,1059.0,https://www.moneycontrol.com/india/stockpricequote/metalsnonferrous/precisionwiresindia/PWI,PRECWIRE.NS
56,Technocraft Ind,Steel - Medium & Small,908.85,2.30,0.25,2223.0,https://www.moneycontrol.com/india/stockpricequote/steelmediumsmall/technocraftindustriesindia/TII01,TIIL.NS
57,Tinplate,Metals - Non Ferrous,318.70,0.75,0.24,3336.0,https://www.moneycontrol.com/india/stockpricequote/metalsnonferrous/tinplatecompanyindia/TCI02,TINPLATE.NS
58,Jindal Stainles,Steel - Medium & Small,129.00,0.00,0.00,6779.0,https://www.moneycontrol.com/india/stockpricequote/steelmediumsmall/jindalstainless/JSL01,JSL.NS
59,Maan Aluminium,Aluminium,154.95,-0.15,-0.10,210.0,https://www.moneycontrol.com/india/stockpricequote/aluminium/maanaluminium/MA03,MAANALU.NS
60,Tata Steel Long,Steel - Sponge Iron,620.35,-0.75,-0.12,2798.0,https://www.moneycontrol.com/india/stockpricequote/steelspongeiron/tatasteellongproducts/TSI,TATASTLLP.NS
61,Orissa Minerals,Mining & Minerals,3010.45,-4.35,-0.14,1806.0,https://www.moneycontrol.com/india/stockpricequote/miningminerals/orissamineralsdevelopmentcompany/OMD,ORISSAMINE.NS
62,Kamdhenu,Steel - Medium & Small,272.00,-0.45,-0.17,733.0,https://www.moneycontrol.com/india/stockpricequote/steelmediumsmall/kamdhenu/KI24,KAMDHENU.NS
63,Indian Metals,Mining & Minerals,267.05,-0.45,-0.17,1441.0,https://www.moneycontrol.com/india/stockpricequote/miningminerals/indianmetalsferroalloys/IMF01,IMFA.NS
64,Rajnandini Meta,,467.55,-1.00,-0.21,862.0,https://www.moneycontrol.com/india/stockpricequote/rajnandinimetal/rajnandinimetal/RM05,RAJMET.NS
65,Manaksia Steels,Steel - Large,39.80,-0.10,-0.25,261.0,https://www.moneycontrol.com/india/stockpricequote/steellarge/manaksiasteels/MS27,MANAKSTEEL.NS
66,Godawari Power,Steel - Sponge Iron,288.20,-0.75,-0.26,4062.0,https://www.moneycontrol.com/india/stockpricequote/steelspongeiron/godawaripowerispat/GPI7,GPIL.NS
67,Surya Roshni,Steel - Tubes & Pipes,474.40,-1.40,-0.29,2581.0,https://www.moneycontrol.com/india/stockpricequote/steeltubespipes/suryaroshni/SR01,SURYAROSNI.NS
68,Jai Balaji Ind,Steel - Sponge Iron,47.55,-0.15,-0.31,567.0,https://www.moneycontrol.com/india/stockpricequote/steelspongeiron/jaibalajiindustries/JBI,JAIBALAJI.NS
69,Mukand,Steel - Medium & Small,113.60,-0.50,-0.44,1641.0,https://www.moneycontrol.com/india/stockpricequote/steelmediumsmall/mukand/M02,MUKANDLTD.NS
70,JTL Infra,Steel - Tubes & Pipes,199.60,-0.95,-0.47,1208.0,https://www.moneycontrol.com/india/stockpricequote/steeltubespipes/jtlinfra/JTL01,JTLINFRA.NS
71,Manaksia,Steel - Rolling,76.95,-0.40,-0.52,504.0,https://www.moneycontrol.com/india/stockpricequote/steelrolling/manaksia/M16,MANAKSIA.NS
72,Guj Mineral,Mining & Minerals,164.00,-0.90,-0.55,5215.0,https://www.moneycontrol.com/india/stockpricequote/miningminerals/gujaratmineraldevelopmentcorporation/GMD,GMDCLTD.NS
73,Gandhi Spl Tube,Steel - Tubes & Pipes,418.55,-2.30,-0.55,509.0,https://www.moneycontrol.com/india/stockpricequote/steeltubespipes/gandhispecialtubes/GST,GANDHITUBE.NS
74,Hardwyn,Aluminium,225.25,-1.80,-0.79,345.0,https://www.moneycontrol.com/india/stockpricequote/aluminium/hardwynindia/GI34,HARDWYN.NS
75,MOIL,Mining & Minerals,168.20,-1.35,-0.80,3423.0,https://www.moneycontrol.com/india/stockpricequote/miningminerals/moil/M18,MOIL.NS
76,Ankit Metal,Steel - Sponge Iron,5.95,-0.05,-0.83,84.0,https://www.moneycontrol.com/india/stockpricequote/steelspongeiron/ankitmetalpower/AMa,ANKITMETAL.NS
77,Gallantt Ispat,,65.00,-0.85,-1.29,1568.0,https://www.moneycontrol.com/india/stockpricequote/gallanttispat/gallanttispat/GM02,GALLANTT.NS
78,Mah Seamless,Steel - Tubes & Pipes,801.60,-10.70,-1.32,5371.0,https://www.moneycontrol.com/india/stockpricequote/steeltubespipes/maharashtraseamless/MS02,MAHSEAMLES.NS
79,Vardhman Steels,Steel - Medium & Small,239.65,-3.35,-1.38,972.0,https://www.moneycontrol.com/india/stockpricequote/steelmediumsmall/vardhmanspecialsteels/VSS01,VSSL.NS
80,Sarthak Metals,Mining & Minerals,130.75,-2.00,-1.51,179.0,https://www.moneycontrol.com/india/stockpricequote/miningminerals/sarthakmetals/SM14,SMLT.NS
81,Hi-Tech Pipes,Steel - Tubes & Pipes,592.45,-17.30,-2.84,727.0,https://www.moneycontrol.com/india/stockpricequote/steeltubespipes/hitechpipes/HPL01,HITECH.NS
82,Shah Alloys,Steel - Medium & Small,56.00,-1.75,-3.03,111.0,https://www.moneycontrol.com/india/stockpricequote/steelmediumsmall/shahalloys/SA03,SHAHALLOYS.NS
83,National Steel,Steel - GP & GC Sheets,3.80,-0.20,-5.00,17.0,https://www.moneycontrol.com/india/stockpricequote/steelgpgcsheets/nationalsteelagroindustries/NSA02,NATNLSTEEL.NS
