,Stocks,Industry,LastPrice,Change,PctChange,MktCap,URL,Ticker
0,Skipper,Engineering,73.90,10.95,17.39,759.0,https://www.moneycontrol.com/india/stockpricequote/engineering/skipper/S21,SKIPPER.NS
1,Linc,,304.40,33.05,12.18,453.0,https://www.moneycontrol.com/india/stockpricequote/linc/linc/LPP,LINC.NS
2,Pansari Develop,Miscellaneous,110.15,10.00,9.99,192.0,https://www.moneycontrol.com/india/stockpricequote/miscellaneous/pansaridevelopers/PD08,PANSARI.NS
3,Aaron Industrie,,196.60,17.70,9.89,197.0,https://www.moneycontrol.com/india/stockpricequote/aaronindustries/aaronindustries/AI79,AARON.NS
4,Karma Energy,Power - Generation & Distribution,27.95,2.50,9.82,32.0,https://www.moneycontrol.com/india/stockpricequote/powergenerationdistribution/karmaenergy/KE9,KARMAENG.NS
5,Mittal Life Sty,Miscellaneous,12.30,1.10,9.82,18.0,https://www.moneycontrol.com/india/stockpricequote/miscellaneous/mittallifestyleltd/MLS,MITTAL.NS
6,Balaxi Pharma,Trading,627.45,53.70,9.36,627.0,https://www.moneycontrol.com/india/stockpricequote/trading/balaxipharmaceuticals/TAR,BALAXI.NS
7,ConfidencePetro,Miscellaneous,78.25,6.35,8.83,2222.0,https://www.moneycontrol.com/india/stockpricequote/miscellaneous/confidencepetroleum/CP10,CONFIPET.NS
8,Websol Energy,Electric Equipment,97.05,6.65,7.36,356.0,https://www.moneycontrol.com/india/stockpricequote/electricequipment/websolenergysystem/WSL,WEBELSOLAR.NS
9,GRP,Rubber,1977.05,131.10,7.10,264.0,https://www.moneycontrol.com/india/stockpricequote/rubber/grp/GRR,GRPLTD.NS
10,Moksh Ornaments,Miscellaneous,15.25,0.95,6.64,82.0,https://www.moneycontrol.com/india/stockpricequote/miscellaneous/mokshornamentsltd/MOl02,MOKSH.NS
11,Repro India,Printing & Stationery,507.90,29.45,6.16,646.0,https://www.moneycontrol.com/india/stockpricequote/printingstationery/reproindia/RI35,REPRO.NS
12,5paisa Capita,Miscellaneous,351.40,19.60,5.91,1076.0,https://www.moneycontrol.com/india/stockpricequote/miscellaneous/5paisacapital/C98,5PAISA.NS
13,Apollo Micro Sy,,156.75,8.60,5.80,325.0,https://www.moneycontrol.com/india/stockpricequote/apollomicrosystems/apollomicrosystems/AMS,APOLLO.NS
14,TCPL Packaging,Printing & Stationery,1517.20,75.95,5.27,1381.0,https://www.moneycontrol.com/india/stockpricequote/printingstationery/tcplpackaging/TCP01,TCPLPACK.NS
15,M K Proteins,Miscellaneous,220.50,10.50,5.00,92.0,https://www.moneycontrol.com/india/stockpricequote/miscellaneous/mkproteins/P09,MKPL.NS
16,Prolife Industr,Miscellaneous,157.70,7.50,4.99,65.0,https://www.moneycontrol.com/india/stockpricequote/miscellaneous/prolifeindustries/PI42,PROLIFE.NS
17,ICE Make Refrig,Miscellaneous,235.60,11.20,4.99,372.0,https://www.moneycontrol.com/india/stockpricequote/miscellaneous/icemakerefrigeration/IMR,ICEMAKE.NS
18,Solex Energy,Miscellaneous,271.40,12.90,4.99,217.0,https://www.moneycontrol.com/india/stockpricequote/miscellaneous/solexenergy/SE20,SOLEX.NS
19,Panache Digilif,Miscellaneous,72.80,3.45,4.97,87.0,https://www.moneycontrol.com/india/stockpricequote/miscellaneous/panachedigilife/PD09,PANACHE.NS
20,Zodiac Energy,Power - Generation & Distribution,141.55,6.70,4.97,207.0,https://www.moneycontrol.com/india/stockpricequote/powergenerationdistribution/zodiacenergy/ZE01,ZODIAC.NS
21,Imagicaaworld,,42.30,2.00,4.96,1733.0,https://www.moneycontrol.com/india/stockpricequote/imagicaaworldentertainment/imagicaaworldentertainment/AE01,IMAGICAA.NS
22,Archies,Printing & Stationery,20.10,0.95,4.96,68.0,https://www.moneycontrol.com/india/stockpricequote/printingstationery/archies/A15,ARCHIES.NS
23,Kritika Wires,,34.00,1.60,4.94,302.0,https://www.moneycontrol.com/india/stockpricequote/kritikawires/kritikawires/KW,KRITIKA.NS
24,Lasa Supergener,Miscellaneous,36.15,1.70,4.93,147.0,https://www.moneycontrol.com/india/stockpricequote/miscellaneous/lasasupergenerics/LS06,LASA.NS
25,Patanjali Foods,,1317.80,61.65,4.91,47704.0,https://www.moneycontrol.com/india/stockpricequote/patanjalifoods/patanjalifoods/RSI,PATANJALI.NS
26,Kshitij Polylin,,80.70,3.75,4.87,82.0,https://www.moneycontrol.com/india/stockpricequote/kshitijpolyline/kshitijpolyline/KP14,KSHITIJPOL.NS
27,Ruchinfra,Edible Oils & Solvent Extraction,8.70,0.40,4.82,179.0,https://www.moneycontrol.com/india/stockpricequote/edibleoilssolventextraction/ruchiinfrastructure/RI27,RUCHINFRA.NS
28,Beardsell,Miscellaneous,28.60,1.30,4.76,107.0,https://www.moneycontrol.com/india/stockpricequote/miscellaneous/beardsell/B06,BEARDSELL.NS
29,A and M Jumbo B,Miscellaneous,9.10,0.40,4.60,10.0,https://www.moneycontrol.com/india/stockpricequote/miscellaneous/amjumbobags/JB03,AMJUMBO.NS
30,Aspinwall,Miscellaneous,245.75,10.60,4.51,192.0,https://www.moneycontrol.com/india/stockpricequote/miscellaneous/aspinwallcompany/AC27,ASPINWALL.NS
31,Vaibhav Global,Retail,357.25,15.35,4.49,5883.0,https://www.moneycontrol.com/india/stockpricequote/retail/vaibhavglobal/VG02,VAIBHAVGBL.NS
32,Bombay Super,Miscellaneous,551.05,23.00,4.36,578.0,https://www.moneycontrol.com/india/stockpricequote/miscellaneous/bombaysuperhybridseeds/BSH,BSHSL.NS
33,Mishra Dhatu Ni,Miscellaneous,210.05,8.20,4.06,3935.0,https://www.moneycontrol.com/india/stockpricequote/miscellaneous/mishradhatunigamltd/MDN,MIDHANI.NS
34,Digicontent,,17.05,0.65,3.96,99.0,https://www.moneycontrol.com/india/stockpricequote/digicontent/digicontent/DGCON54268,DGCONTENT.NS
35,Mallcom (India),Miscellaneous,712.20,26.70,3.89,444.0,https://www.moneycontrol.com/india/stockpricequote/miscellaneous/mallcomindia/MI59,MALLCOM.NS
36,Nila Spaces,,4.10,0.15,3.80,161.0,https://www.moneycontrol.com/india/stockpricequote/nilaspaces/nilaspaces/NILAS7450,NILASPACES.NS
37,Jet Freight Log,Miscellaneous,22.40,0.80,3.70,52.0,https://www.moneycontrol.com/india/stockpricequote/miscellaneous/jetfreightlogistics/JFL04,JETFREIGHT.NS
38,Bharatiya Glob,Computers - Software,2.90,0.10,3.57,5.0,https://www.moneycontrol.com/india/stockpricequote/computerssoftware/bharatiyaglobalinfomedia/BGI03,BGLOBAL.NS
39,CenturyPlyboard,Miscellaneous,691.10,23.40,3.50,15354.0,https://www.moneycontrol.com/india/stockpricequote/miscellaneous/centuryplyboards/CP9,CENTURYPLY.NS
40,MSTC,Miscellaneous,279.10,9.00,3.33,1965.0,https://www.moneycontrol.com/india/stockpricequote/miscellaneous/mstc/M21,MSTCLTD.NS
41,BLS Internation,Miscellaneous,252.45,7.95,3.25,5173.0,https://www.moneycontrol.com/india/stockpricequote/miscellaneous/blsinternationalservices/BLS,BLS.NS
42,Venkys,Miscellaneous,2174.15,67.75,3.22,3063.0,https://www.moneycontrol.com/india/stockpricequote/miscellaneous/venkys/V03,VENKEYS.NS
43,Gujarat Fluoro,Chemicals,3457.25,103.65,3.09,37978.0,https://www.moneycontrol.com/india/stockpricequote/chemicals/gujaratfluorochemicalslimited/GUJAR54281,FLUOROCHEM.NS
44,Gokul Refoils,Edible Oils & Solvent Extraction,31.70,0.95,3.09,314.0,https://www.moneycontrol.com/india/stockpricequote/edibleoilssolventextraction/gokulrefoilssolvent/GRS,GOKUL.NS
45,D. P. Abhushan,Miscellaneous,401.05,11.45,2.94,893.0,https://www.moneycontrol.com/india/stockpricequote/miscellaneous/dpabhushan/DPA01,DPABHUSHAN.NS
46,Osia Hyper Reta,,312.95,8.85,2.91,323.0,https://www.moneycontrol.com/india/stockpricequote/osiahyperretail/osiahyperretail/OHR,OSIAHYPER.NS
47,KPIGREEN,,917.85,24.25,2.71,1658.0,https://www.moneycontrol.com/india/stockpricequote/kpigreenenergy/kpigreenenergy/KPIGL54232,KPIGREEN.NS
48,ABM Inter,Miscellaneous,81.80,2.05,2.57,77.0,https://www.moneycontrol.com/india/stockpricequote/miscellaneous/abminternational/ABM02,ABMINTLLTD.NS
49,Kridhan Infra,Miscellaneous,4.00,0.10,2.56,38.0,https://www.moneycontrol.com/india/stockpricequote/miscellaneous/kridhaninfra/RSI02,KRIDHANINF.NS
50,Just Dial,Miscellaneous,621.05,15.15,2.50,5236.0,https://www.moneycontrol.com/india/stockpricequote/miscellaneous/justdial/JD,JUSTDIAL.NS
51,PB Fintech,Multiline Insurance & Brokers,495.35,12.05,2.49,22266.0,https://www.moneycontrol.com/india/stockpricequote/multilineinsurancebrokers/pbfintech/PF14,POLICYBZR.NS
52,Arvee Laborator,Miscellaneous,88.60,1.85,2.13,98.0,https://www.moneycontrol.com/india/stockpricequote/miscellaneous/arveelaboratoriesltd/AL18,ARVEE.NS
53,S H Kelkar,Chemicals,145.20,2.95,2.07,2010.0,https://www.moneycontrol.com/india/stockpricequote/chemicals/shkelkarcompany/KC17,SHK.NS
54,Shyam Century,Mining & Minerals,22.30,0.45,2.06,495.0,https://www.moneycontrol.com/india/stockpricequote/miningminerals/shyamcenturyferrous/SCF01,SHYAMCENT.NS
55,SHUBHLAXMI,,34.85,0.65,1.90,29.0,https://www.moneycontrol.com/india/stockpricequote/shubhlaxmi/shubhlaxmi/SHUBH6451,SHUBHLAXMI.NS
56,Emkay Taps,Engineering,280.00,5.00,1.82,299.0,https://www.moneycontrol.com/india/stockpricequote/engineering/emkaytapscuttingtools/ETC02,EMKAYTOOLS.NS
57,Amber Enterpris,Miscellaneous,2293.55,40.75,1.81,7728.0,https://www.moneycontrol.com/india/stockpricequote/miscellaneous/amberenterprisesindialimited/AEI01,AMBER.NS
58,Banka Bioloo,Miscellaneous,73.75,1.25,1.72,80.0,https://www.moneycontrol.com/india/stockpricequote/miscellaneous/bankabioloo/BB08,BANKA.NS
59,BSE Limited,Miscellaneous,657.95,11.15,1.72,8913.0,https://www.moneycontrol.com/india/stockpricequote/miscellaneous/bselimited/B08,BSE.NS
60,Techindia Nirm,Miscellaneous,12.35,0.20,1.65,18.0,https://www.moneycontrol.com/india/stockpricequote/miscellaneous/techindianirman/NS07,TECHIN.NS
61,Surana Solar,Electric Equipment,27.90,0.45,1.64,137.0,https://www.moneycontrol.com/india/stockpricequote/electricequipment/suranasolar/SV05,SURANASOL.NS
62,Madhav Copper,,28.10,0.45,1.63,76.0,https://www.moneycontrol.com/india/stockpricequote/madhavcopper/madhavcopper/MC07,MCL.NS
63,Greenply Ind,Miscellaneous,193.80,3.00,1.57,2381.0,https://www.moneycontrol.com/india/stockpricequote/miscellaneous/greenplyindustries/GI19,GREENPLY.NS
64,Orient Press,Printing & Stationery,63.50,0.95,1.52,64.0,https://www.moneycontrol.com/india/stockpricequote/printingstationery/orientpress/OP02,ORIENTLTD.NS
65,DNL,,197.80,2.90,1.49,369.0,https://www.moneycontrol.com/india/stockpricequote/dcmnouvellelimited/dcmnouvellelimited/DCMNV54272,DCMNVL.NS
66,Satin Credit,,114.15,1.65,1.47,856.0,https://www.moneycontrol.com/india/stockpricequote/satincreditcarenetwork/satincreditcarenetwork/SCN,SATIN.NS
67,Archidply Ind,Miscellaneous,99.10,1.35,1.38,197.0,https://www.moneycontrol.com/india/stockpricequote/miscellaneous/archidplyindustries/AI,ARCHIDPLY.NS
68,Global Vectra,Transport & Logistics,55.15,0.75,1.38,77.0,https://www.moneycontrol.com/india/stockpricequote/transportlogistics/globalvectrahelicorp/GVH,GLOBALVECT.NS
69,Sambhaav Media,Printing & Stationery,3.75,0.05,1.35,72.0,https://www.moneycontrol.com/india/stockpricequote/printingstationery/sambhaavmedia/SM16,SAMBHAAV.NS
70,Jocil,Chemicals,197.95,2.50,1.28,176.0,https://www.moneycontrol.com/india/stockpricequote/chemicals/jocil/J01,JOCIL.NS
71,New India Assur,Miscellaneous,95.05,1.15,1.22,15664.0,https://www.moneycontrol.com/india/stockpricequote/miscellaneous/newindiaassurancecompany/NIA,NIACL.NS
72,Nippon,Miscellaneous,294.90,3.55,1.22,18369.0,https://www.moneycontrol.com/india/stockpricequote/miscellaneous/nipponlifeindiaassetmanagement/RNL,NAM-INDIA.NS
73,Spencer Retail,Miscellaneous,79.30,0.95,1.21,715.0,https://www.moneycontrol.com/india/stockpricequote/miscellaneous/spencerretail/SPENC54233,SPENCERS.NS
74,Bharat 22 ETF,,53.68,0.59,1.11,21638.0,https://www.moneycontrol.com/india/stockpricequote/bharat22etficiciprudentialamc/bharat22etficiciprudentialamc/ICI15,ICICIB22.NS
75,Radhika Jewel,Diamond Cutting & Jewellery & Precious Metals,177.25,1.90,1.08,418.0,https://www.moneycontrol.com/india/stockpricequote/diamondcuttingjewellerypreciousmetals/radhikajeweltech/RJI,RADHIKAJWE.NS
76,Apcotex Ind,Rubber,596.90,6.25,1.06,3095.0,https://www.moneycontrol.com/india/stockpricequote/rubber/apcotexindustries/AI58,APCOTEXIND.NS
77,Airo Lam,Miscellaneous,72.35,0.75,1.05,109.0,https://www.moneycontrol.com/india/stockpricequote/miscellaneous/airolam/AL08,AIROLAM.NS
78,AFL,Miscellaneous,284.80,2.95,1.05,3780.0,https://www.moneycontrol.com/india/stockpricequote/miscellaneous/arvindfashionslimited/ARVIN54248,ARVINDFASN.NS
79,Dalmia Bharat,Cement - Major,1550.60,15.95,1.04,29069.0,https://www.moneycontrol.com/india/stockpricequote/cementmajor/dalmiabharat/OCL,DALBHARAT.NS
80,Pix Transmis,Rubber,943.90,9.50,1.02,1286.0,https://www.moneycontrol.com/india/stockpricequote/rubber/pixtransmissions/PT07,PIXTRANS.NS
81,Sportking India,Textiles - Spinning - Synthetic Blended,917.45,8.80,0.97,1219.0,https://www.moneycontrol.com/india/stockpricequote/textilesspinningsyntheticblended/sportkingindia/SI97,SPORTKING.NS
82,ICRA,Miscellaneous,3794.35,36.15,0.96,3662.0,https://www.moneycontrol.com/india/stockpricequote/miscellaneous/icra/ICR,ICRA.NS
83,Satia Ind,Paper,117.35,1.05,0.90,1174.0,https://www.moneycontrol.com/india/stockpricequote/paper/satiaindustries/SI96,SATIA.NS
84,DFM Foods,Food Processing,361.80,3.15,0.88,1819.0,https://www.moneycontrol.com/india/stockpricequote/foodprocessing/dfmfoods/DFM,DFMFOODS.NS
85,SBI-ETF Nifty,,182.52,1.33,0.73,23.0,https://www.moneycontrol.com/india/stockpricequote/sbietfnifty50/sbietfnifty50/SBI27,SETFNIF50.NS
86,Raj Oil Mills,Edible Oils & Solvent Extraction,62.90,0.45,0.72,24.0,https://www.moneycontrol.com/india/stockpricequote/edibleoilssolventextraction/rajoilmills/ROM01,ROML.NS
87,MMP Industries,Miscellaneous,177.35,1.25,0.71,451.0,https://www.moneycontrol.com/india/stockpricequote/miscellaneous/mmpindustriesltd/MIL17,MMP.NS
88,Anik Industries,Edible Oils & Solvent Extraction,44.75,0.30,0.67,124.0,https://www.moneycontrol.com/india/stockpricequote/edibleoilssolventextraction/anikindustries/AI57,ANIKINDS.NS
89,Gravita India,Metals - Non Ferrous,327.15,2.05,0.63,2259.0,https://www.moneycontrol.com/india/stockpricequote/metalsnonferrous/gravitaindia/GI09,GRAVITA.NS
90,AB Capital,Finance - Investments,115.40,0.70,0.61,27887.0,https://www.moneycontrol.com/india/stockpricequote/financeinvestments/adityabirlacapital/ABC9,ABCAPITAL.NS
91,Waterbase,Aquaculture,82.80,0.50,0.61,343.0,https://www.moneycontrol.com/india/stockpricequote/aquaculture/waterbase/W04,WATERBASE.NS
92,Titan Company,Miscellaneous,2627.35,14.75,0.56,233252.0,https://www.moneycontrol.com/india/stockpricequote/miscellaneous/titancompany/TI01,TITAN.NS
93,Sheela Foam,Miscellaneous,3260.95,18.05,0.56,15908.0,https://www.moneycontrol.com/india/stockpricequote/miscellaneous/sheelafoam/SF14,SFL.NS
94,SIS,Miscellaneous,454.45,2.50,0.55,6688.0,https://www.moneycontrol.com/india/stockpricequote/miscellaneous/sis/SIS08,SIS.NS
95,IWML,,1669.80,8.70,0.52,14831.0,https://www.moneycontrol.com/india/stockpricequote/iiflwealthmanagementlimited/iiflwealthmanagementlimited/IIFLW54277,IIFLWAM.NS
96,Kaya,Miscellaneous,333.05,1.60,0.48,435.0,https://www.moneycontrol.com/india/stockpricequote/miscellaneous/kaya/K03,KAYA.NS
97,PPL,Miscellaneous,189.00,0.90,0.48,452.0,https://www.moneycontrol.com/india/stockpricequote/miscellaneous/prakashpipeslimited/PPL54268,PPL.NS
98,Wonderla,Miscellaneous,362.25,1.70,0.47,2049.0,https://www.moneycontrol.com/india/stockpricequote/miscellaneous/wonderlaholidays/WH01,WONDERLA.NS
99,Rail Vikas,Miscellaneous,32.95,0.15,0.46,6870.0,https://www.moneycontrol.com/india/stockpricequote/miscellaneous/railvikasnigam/RVN,RVNL.NS
100,Adani Trans,Power - Transmission & Equipment,3881.25,14.70,0.38,432951.0,https://www.moneycontrol.com/india/stockpricequote/powertransmissionequipment/adanitransmission/AT22,ADANITRANS.NS
101,Avanti Feeds,Aquaculture,466.85,1.60,0.34,6361.0,https://www.moneycontrol.com/india/stockpricequote/aquaculture/avantifeeds/AF21,AVANTIFEED.NS
102,Akash Infraproj,Miscellaneous,46.80,0.15,0.32,79.0,https://www.moneycontrol.com/india/stockpricequote/miscellaneous/akashinfraprojects/AI76,AKASH.NS
103,Infibeam Avenue,Miscellaneous,15.60,0.05,0.32,4176.0,https://www.moneycontrol.com/india/stockpricequote/miscellaneous/infibeamavenues/IIL03,INFIBEAM.NS
104,SEL,Miscellaneous,16.25,0.05,0.31,381.0,https://www.moneycontrol.com/india/stockpricequote/miscellaneous/sakumaexportsltd/SAKUM53271,SAKUMA.NS
105,CARE Ratings,Miscellaneous,509.60,1.25,0.25,1511.0,https://www.moneycontrol.com/india/stockpricequote/miscellaneous/careratings/CAR,CARERATING.NS
106,JISL,Miscellaneous,21.25,0.05,0.24,41.0,https://www.moneycontrol.com/india/stockpricequote/miscellaneous/jainirrigationsystems/JISLD57000,JISLDVREQS.NS
107,Shanti Overseas,Miscellaneous,23.85,0.05,0.21,26.0,https://www.moneycontrol.com/india/stockpricequote/miscellaneous/shantioverseasindia/SO01,SHANTI.NS
108,Libas Consumer,Miscellaneous,26.20,0.05,0.19,46.0,https://www.moneycontrol.com/india/stockpricequote/miscellaneous/libasconsumerproducts/LD03,LIBAS.NS
109,CRISIL,Miscellaneous,3253.95,5.30,0.16,23768.0,https://www.moneycontrol.com/india/stockpricequote/miscellaneous/crisil/CRI,CRISIL.NS
110,Agro Tech Foods,Edible Oils & Solvent Extraction,767.00,1.20,0.16,1869.0,https://www.moneycontrol.com/india/stockpricequote/edibleoilssolventextraction/agrotechfoods/ATF,ATFL.NS
111,Godrej Agrovet,Miscellaneous,522.10,0.65,0.12,10033.0,https://www.moneycontrol.com/india/stockpricequote/miscellaneous/godrejagrovet/GA03,GODREJAGRO.NS
112,The Western Ind,Miscellaneous,56.55,0.05,0.09,48.0,https://www.moneycontrol.com/india/stockpricequote/miscellaneous/thewesternindiaplywoods/TWI,WIPL.NS
113,Info Edge,Miscellaneous,4255.45,3.10,0.07,54889.0,https://www.moneycontrol.com/india/stockpricequote/miscellaneous/infoedgeindia/IEI01,NAUKRI.NS
114,ISL,,72.15,0.05,0.07,2194.0,https://www.moneycontrol.com/india/stockpricequote/iiflsecuritieslimited/iiflsecuritieslimited/IIFLS54277,IIFLSEC.NS
115,Cupid,Miscellaneous,232.35,0.10,0.04,310.0,https://www.moneycontrol.com/india/stockpricequote/miscellaneous/cupid/CR02,CUPID.NS
116,D-Link India,Computers - Hardware,188.85,0.05,0.03,671.0,https://www.moneycontrol.com/india/stockpricequote/computershardware/dlinkindia/DLI01,DLINKINDIA.NS
117,TeamLease Ser.,Miscellaneous,3339.75,0.85,0.03,5710.0,https://www.moneycontrol.com/india/stockpricequote/miscellaneous/teamleaseservices/TS13,TEAMLEASE.NS
118,Antarctica,Printing & Stationery,1.00,0.00,0.00,16.0,https://www.moneycontrol.com/india/stockpricequote/printingstationery/antarctica/A16,ANTGRAPHIC.NS
119,Bartronics,Miscellaneous,4.05,0.00,0.00,14.0,https://www.moneycontrol.com/india/stockpricequote/miscellaneous/bartronicsindia/BI21,BARTRONICS.NS
120,Bkm industries,Packaging,1.25,0.00,0.00,8.0,https://www.moneycontrol.com/india/stockpricequote/packaging/bkmindustries/MI58,BKMINDST.NS
121,Maheshwari Logi,Miscellaneous,74.30,0.00,0.00,220.0,https://www.moneycontrol.com/india/stockpricequote/miscellaneous/maheshwarilogistics/ML03,MAHESHWARI.NS
122,NK Industries,Edible Oils & Solvent Extraction,39.50,0.00,0.00,24.0,https://www.moneycontrol.com/india/stockpricequote/edibleoilssolventextraction/nkindustries/NKI,NKIND.NS
123,Shrenik,Miscellaneous,1.95,0.00,0.00,119.0,https://www.moneycontrol.com/india/stockpricequote/miscellaneous/shrenik/S25,SHRENIK.NS
124,Sundaram Multi,Printing & Stationery,3.20,0.00,0.00,152.0,https://www.moneycontrol.com/india/stockpricequote/printingstationery/sundarammultipap/SMP02,SUNDARAM.NS
125,Vikas Life,Miscellaneous,5.20,0.00,0.00,692.0,https://www.moneycontrol.com/india/stockpricequote/miscellaneous/vikaslifecare/VIKAS54265,VIKASLIFE.NS
126,KDDL,Miscellaneous,933.20,-0.10,-0.01,1189.0,https://www.moneycontrol.com/india/stockpricequote/miscellaneous/kddl/KDD,KDDL.NS
127,ICICI Securitie,Miscellaneous,499.30,-0.15,-0.03,16117.0,https://www.moneycontrol.com/india/stockpricequote/miscellaneous/icicisecuritiesltd/ISL04,ISEC.NS
128,Kapston Service,,143.15,-0.10,-0.07,145.0,https://www.moneycontrol.com/india/stockpricequote/kapstonservices/kapstonservices/KFM,KAPSTON.NS
129,Matrimony.com,Miscellaneous,702.20,-0.50,-0.07,1609.0,https://www.moneycontrol.com/india/stockpricequote/miscellaneous/matrimonycom/M20,MATRIMONY.NS
130,HDFC Life,Life & Health Insurance,573.65,-1.20,-0.21,121227.0,https://www.moneycontrol.com/india/stockpricequote/lifehealthinsurance/hdfclifeinsurancecompany/HSL01,HDFCLIFE.NS
131,IndiGrid InvIT ,Power - Generation & Distribution,142.99,-0.39,-0.27,10012.0,https://www.moneycontrol.com/india/stockpricequote/powergenerationdistribution/indigridinvitfund/IIF01,INDIGRID.NS
132,Bliss GVS,Pharmaceuticals,81.10,-0.25,-0.31,842.0,https://www.moneycontrol.com/india/stockpricequote/pharmaceuticals/blissgvspharma/BGV,BLISSGVS.NS
133,Creative New,Miscellaneous,484.30,-1.50,-0.31,610.0,https://www.moneycontrol.com/india/stockpricequote/miscellaneous/creativenewtech/CPD,CREATIVE.NS
134,AMSL,Hospitals & Medical Services,63.65,-0.20,-0.31,847.0,https://www.moneycontrol.com/india/stockpricequote/hospitalsmedicalservices/artemismedicareservices/ARTEM54291,ARTEMISMED.NS
135,SUMITOMO,,478.00,-1.55,-0.32,23859.0,https://www.moneycontrol.com/india/stockpricequote/sumitomochemicalindialimite/sumitomochemicalindialimite/SUMIC54292,SUMICHEM.NS
136,Sandesh,,774.60,-2.70,-0.35,586.0,https://www.moneycontrol.com/india/stockpricequote/sandesh/sandesh/S01,SANDESH.NS
137,Fine Organics,Miscellaneous,6122.05,-22.45,-0.37,18770.0,https://www.moneycontrol.com/india/stockpricequote/miscellaneous/fineorganicsindustries/FOI,FINEORG.NS
138,Navneet,Printing & Stationery,136.80,-0.55,-0.40,3095.0,https://www.moneycontrol.com/india/stockpricequote/printingstationery/navneeteducation/NP01,NAVNETEDUL.NS
139,MCX India,Miscellaneous,1272.00,-5.25,-0.41,6487.0,https://www.moneycontrol.com/india/stockpricequote/miscellaneous/multicommodityexchangeindia/MCE,MCX.NS
140,Bharat Dynamics,Miscellaneous,830.35,-4.60,-0.55,15219.0,https://www.moneycontrol.com/india/stockpricequote/miscellaneous/bharatdynamicsltd/BDL01,BDL.NS
141,Stylam Ind,Miscellaneous,1144.70,-6.45,-0.56,1940.0,https://www.moneycontrol.com/india/stockpricequote/miscellaneous/stylamindustries/GL02,STYLAMIND.NS
142,North Eastern,Transport & Logistics,26.50,-0.15,-0.56,133.0,https://www.moneycontrol.com/india/stockpricequote/transportlogistics/northeasterncarryingcorporation/NEC01,NECCLTD.NS
143,Dishman Carboge,Miscellaneous,119.55,-0.70,-0.58,1874.0,https://www.moneycontrol.com/india/stockpricequote/miscellaneous/dishmancarbogenamcis/DCA,DCAL.NS
144,MPS,Printing & Stationery,698.20,-4.10,-0.58,1194.0,https://www.moneycontrol.com/india/stockpricequote/printingstationery/mps/MI31,MPSLTD.NS
145,Cochin Shipyard,,377.00,-2.35,-0.62,4959.0,https://www.moneycontrol.com/india/stockpricequote/cochinshipyard/cochinshipyard/CS,COCHINSHIP.NS
146,Guj Amb Exports,,269.30,-1.70,-0.63,6176.0,https://www.moneycontrol.com/india/stockpricequote/gujaratambujaexports/gujaratambujaexports/GAE,GAEL.NS
147,GeeCee Ventures,,144.50,-0.95,-0.65,302.0,https://www.moneycontrol.com/india/stockpricequote/geeceeventures/geeceeventures/GCI05,GEECEE.NS
148,Greenpanel Ind,,447.20,-3.00,-0.67,5484.0,https://www.moneycontrol.com/india/stockpricequote/greenpanelindustrieslimited/greenpanelindustrieslimited/GREEN54285,GREENPANEL.NS
149,JITF Infralogis,Miscellaneous,148.10,-1.00,-0.67,381.0,https://www.moneycontrol.com/india/stockpricequote/miscellaneous/jitfinfralogistics/JIT01,JITFINFRA.NS
150,Iris Clothings ,,195.80,-1.35,-0.68,319.0,https://www.moneycontrol.com/india/stockpricequote/irisclothings/irisclothings/IC01,IRISDOREME.NS
151,LIC India,,659.80,-4.85,-0.73,417323.0,https://www.moneycontrol.com/india/stockpricequote/lifeinsurancecorporationindia/lifeinsurancecorporationindia/LIC09,LICI.NS
152,Steel City Secu,Miscellaneous,60.95,-0.45,-0.73,92.0,https://www.moneycontrol.com/india/stockpricequote/miscellaneous/steelcitysecurities/SCS09,STEELCITY.NS
153,Cheviot Company,Miscellaneous,1174.75,-8.70,-0.74,707.0,https://www.moneycontrol.com/india/stockpricequote/miscellaneous/cheviotcompany/CC04,CHEVIOT.NS
154,Trejhara,Miscellaneous,68.65,-0.55,-0.79,81.0,https://www.moneycontrol.com/india/stockpricequote/miscellaneous/trejharasolutionslimited/TREJH7605,TREJHARA.NS
155,Galaxy Surfacta,Miscellaneous,3243.75,-30.10,-0.92,11501.0,https://www.moneycontrol.com/india/stockpricequote/miscellaneous/galaxysurfactantsltd/GSL06,GALAXYSURF.NS
156,Thomas Cook,Miscellaneous,75.05,-0.70,-0.92,3530.0,https://www.moneycontrol.com/india/stockpricequote/miscellaneous/thomascookindia/TCI,THOMASCOOK.NS
157,Kaveri Seed,Miscellaneous,444.15,-4.15,-0.93,2590.0,https://www.moneycontrol.com/india/stockpricequote/miscellaneous/kaveriseedcompany/KSC01,KSCL.NS
158,Suumaya Ind.,Miscellaneous,42.55,-0.40,-0.93,260.0,https://www.moneycontrol.com/india/stockpricequote/miscellaneous/suumayaindustries/SL19,SUULD.NS
159,Rushil Decor,,626.50,-5.90,-0.93,1247.0,https://www.moneycontrol.com/india/stockpricequote/rushildecor/rushildecor/RD02,RUSHIL.NS
160,Gateway Distri,Miscellaneous,67.70,-0.65,-0.95,3383.0,https://www.moneycontrol.com/india/stockpricequote/miscellaneous/gatewaydistriparks/GD01,GATEWAY.NS
161,TML - D,Auto Ancillaries,227.80,-2.20,-0.96,11584.0,https://www.moneycontrol.com/india/stockpricequote/autoancillaries/tatamotorsdvr/TATAM57000,TATAMTRDVR.NS
162,Dredging Corp,Miscellaneous,304.70,-3.10,-1.01,853.0,https://www.moneycontrol.com/india/stockpricequote/miscellaneous/dredgingcorporationindia/DCI,DREDGECORP.NS
163,TAEL,Miscellaneous,882.40,-9.30,-1.04,872.0,https://www.moneycontrol.com/india/stockpricequote/miscellaneous/theanupengineering/ANUP54246,ANUP.NS
164,Chola Fin Hold,Miscellaneous,648.75,-7.00,-1.07,12181.0,https://www.moneycontrol.com/india/stockpricequote/miscellaneous/cholamandalamfinancialholdings/TII,CHOLAHLDNG.NS
165,Future Market,Miscellaneous,4.60,-0.05,-1.08,26.0,https://www.moneycontrol.com/india/stockpricequote/miscellaneous/futuremarketnetworks/AD04,FMNL.NS
166,RPSG VENTURES,Miscellaneous,526.90,-5.80,-1.09,1555.0,https://www.moneycontrol.com/india/stockpricequote/miscellaneous/rpsgventures/CESCV54233,RPSGVENT.NS
167,Laxmi Cotspin,Miscellaneous,25.40,-0.30,-1.17,44.0,https://www.moneycontrol.com/india/stockpricequote/miscellaneous/laxmicotspin/LC03,LAXMICOT.NS
168,Vimta Labs,Miscellaneous,358.40,-4.45,-1.23,792.0,https://www.moneycontrol.com/india/stockpricequote/miscellaneous/vimtalabs/VL04,VIMTALABS.NS
169,Jubilant Food,Miscellaneous,598.90,-7.50,-1.24,39518.0,https://www.moneycontrol.com/india/stockpricequote/miscellaneous/jubilantfoodworks/JF04,JUBLFOOD.NS
170,Shankara Buildi,Miscellaneous,784.45,-10.30,-1.30,1792.0,https://www.moneycontrol.com/india/stockpricequote/miscellaneous/shankarabuildingproducts/SBP02,SHANKARA.NS
171,KPIT Tech,,556.80,-7.40,-1.31,15264.0,https://www.moneycontrol.com/india/stockpricequote/kpittechnologies/kpittechnologies/KPITT54265,KPITTECH.NS
172,SMS Lifescience,Miscellaneous,687.20,-10.15,-1.46,208.0,https://www.moneycontrol.com/india/stockpricequote/miscellaneous/smslifesciencesindia/SMS01,SMSLIFE.NS
173,S Chand and Co,Printing & Stationery,184.25,-2.75,-1.47,646.0,https://www.moneycontrol.com/india/stockpricequote/printingstationery/schandcompanylimited/CCL,SCHAND.NS
174,Mahalaxmi Rub,Rubber,168.90,-2.60,-1.52,179.0,https://www.moneycontrol.com/india/stockpricequote/rubber/mahalaxmirubtech/MR02,MHLXMIRU.NS
175,Bhagyanagar Pro,Miscellaneous,41.75,-0.65,-1.53,134.0,https://www.moneycontrol.com/india/stockpricequote/miscellaneous/bhagyanagarproperties/BP13,BHAGYAPROP.NS
176,DIC India,Printing & Stationery,385.70,-6.95,-1.77,354.0,https://www.moneycontrol.com/india/stockpricequote/printingstationery/dicindia/DIC02,DICIND.NS
177,AVT Natural,Edible Oils & Solvent Extraction,109.05,-2.05,-1.85,1661.0,https://www.moneycontrol.com/india/stockpricequote/edibleoilssolventextraction/avtnaturalproducts/AVT02,AVTNPL.NS
178,Banaras Beads,Miscellaneous,78.85,-1.50,-1.87,52.0,https://www.moneycontrol.com/india/stockpricequote/miscellaneous/banarasbeads/BB03,BANARBEADS.NS
179,Indiamart Inter,Miscellaneous,4660.75,-91.55,-1.93,14269.0,https://www.moneycontrol.com/india/stockpricequote/miscellaneous/indiamartintermesh/II12,INDIAMART.NS
180,Krishana Phosch,Miscellaneous,317.35,-6.40,-1.98,941.0,https://www.moneycontrol.com/india/stockpricequote/miscellaneous/krishanaphoschem/KP11,KRISHANA.NS
181,CMM Infraprojec,Miscellaneous,11.95,-0.25,-2.05,19.0,https://www.moneycontrol.com/india/stockpricequote/miscellaneous/cmminfraprojects/CI23,CMMIPL.NS
182,Jubilant Ind,Miscellaneous,517.60,-11.40,-2.16,780.0,https://www.moneycontrol.com/india/stockpricequote/miscellaneous/jubilantindustries/JI10,JUBLINDS.NS
183,HINDWAREAP,,363.90,-8.50,-2.28,2631.0,https://www.moneycontrol.com/india/stockpricequote/hindwarehomeinnovation/hindwarehomeinnovation/SHIL54290,HINDWAREAP.NS
184,Future Ent DVR,Miscellaneous,7.75,-0.20,-2.52,31.0,https://www.moneycontrol.com/india/stockpricequote/miscellaneous/futureenterprisesdvr/FELDV57000,FELDVR.NS
185,One 97 Paytm,Online Services,708.70,-18.50,-2.54,45986.0,https://www.moneycontrol.com/india/stockpricequote/onlineservices/one97communicationspaytm/OC03,PAYTM.NS
186,Adani Total Gas,,3530.60,-92.25,-2.55,388299.0,https://www.moneycontrol.com/india/stockpricequote/adanitotalgas/adanitotalgas/ADG01,ATGL.NS
187,Syngene Intl,Miscellaneous,578.35,-15.70,-2.64,23217.0,https://www.moneycontrol.com/india/stockpricequote/miscellaneous/syngeneinternational/SI10,SYNGENE.NS
188,One Point One S,Miscellaneous,10.65,-0.30,-2.74,200.0,https://www.moneycontrol.com/india/stockpricequote/miscellaneous/onepointonesolutionsltd/OPO,ONEPOINT.NS
189,Balkrishna ,Paper,35.30,-1.00,-2.75,38.0,https://www.moneycontrol.com/india/stockpricequote/paper/balkrishnapapermills/NPM01,BALKRISHNA.NS
190,V-Guard Ind,Electric Equipment,236.90,-7.05,-2.89,10227.0,https://www.moneycontrol.com/india/stockpricequote/electricequipment/vguardindustries/VI02,VGUARD.NS
191,Greenlam Ind,Miscellaneous,331.90,-11.05,-3.22,4215.0,https://www.moneycontrol.com/india/stockpricequote/miscellaneous/greenlamindustries/GI31,GREENLAM.NS
192,CL Educate,Miscellaneous,172.45,-5.85,-3.28,488.0,https://www.moneycontrol.com/india/stockpricequote/miscellaneous/cleducate/CE09,CLEDUCATE.NS
193,Innovative Tyre,Miscellaneous,2.65,-0.10,-3.64,5.0,https://www.moneycontrol.com/india/stockpricequote/miscellaneous/innovativetyrestubes/ITT01,INNOVATIVE.NS
194,ASL Industries,Miscellaneous,28.45,-1.45,-4.85,30.0,https://www.moneycontrol.com/india/stockpricequote/miscellaneous/aslindustries/AI77,ASLIND.NS
195,Lexus Granito,Miscellaneous,52.20,-2.70,-4.92,100.0,https://www.moneycontrol.com/india/stockpricequote/miscellaneous/lexusgranitoindia/LG,LEXUS.NS
196,Yaari Digital,,42.15,-2.20,-4.96,423.0,https://www.moneycontrol.com/india/stockpricequote/yaaridigitalintegratedservices/yaaridigitalintegratedservices/IWS,YAARI.NS
197,Focus Lighting ,Miscellaneous,138.85,-7.25,-4.96,142.0,https://www.moneycontrol.com/india/stockpricequote/miscellaneous/focuslightingfixtures/FLF03,FOCUS.NS
198,Sikko Industrie,Miscellaneous,97.95,-5.15,-5.00,110.0,https://www.moneycontrol.com/india/stockpricequote/miscellaneous/sikkoindustries/SI51,SIKKO.NS
199,Apar Ind,Electric Equipment,1220.40,-72.70,-5.62,4670.0,https://www.moneycontrol.com/india/stockpricequote/electricequipment/aparindustries/AI40,APARINDS.NS
200,Pritika Auto,Miscellaneous,18.70,-1.15,-5.79,166.0,https://www.moneycontrol.com/india/stockpricequote/miscellaneous/pritikaautoindustries/SME02,PRITIKAUTO.NS
201,Somi Conveyor,Rubber,54.65,-3.40,-5.86,64.0,https://www.moneycontrol.com/india/stockpricequote/rubber/somiconveyorbeltings/SCB,SOMICONVEY.NS
202,Avro India,,113.20,-7.50,-6.21,114.0,https://www.moneycontrol.com/india/stockpricequote/avroindia/avroindia/AM09,AVROIND.NS
