,Stocks,Industry,LastPrice,Change,PctChange,MktCap,URL,Ticker
0,Albert David,Pharmaceuticals,604.50,41.55,7.38,345.0,https://www.moneycontrol.com/india/stockpricequote/pharmaceuticals/albertdavid/AD01,ALBERTDAVD.NS
1,Unichem Labs,Pharmaceuticals,341.15,21.40,6.69,2402.0,https://www.moneycontrol.com/india/stockpricequote/pharmaceuticals/unichemlaboratories/UL02,UNICHEMLAB.NS
2,Wanbury,Pharmaceuticals,64.55,3.05,4.96,211.0,https://www.moneycontrol.com/india/stockpricequote/pharmaceuticals/wanbury/W12,WANBURY.NS
3,Gufic Bio,Pharmaceuticals,232.45,8.10,3.61,2253.0,https://www.moneycontrol.com/india/stockpricequote/pharmaceuticals/guficbiosciences/GB04,GUFICBIO.NS
4,Country Condos,,4.35,0.15,3.57,34.0,https://www.moneycontrol.com/india/stockpricequote/countrycondos/countrycondos/CC28,COUNCODOS.NS
5,Sequent Scienti,Pharmaceuticals,118.55,4.05,3.54,2957.0,https://www.moneycontrol.com/india/stockpricequote/pharmaceuticals/sequentscientific/PID01,SEQUENT.NS
6,Alpa Labs,Pharmaceuticals,63.75,2.00,3.24,134.0,https://www.moneycontrol.com/india/stockpricequote/pharmaceuticals/alpalaboratories/AL11,ALPA.NS
7,Krebs Biochem,Pharmaceuticals,127.75,3.95,3.19,275.0,https://www.moneycontrol.com/india/stockpricequote/pharmaceuticals/krebsbiochemicalsindustries/KBI,KREBSBIO.NS
8,Biofil Chem,Pharmaceuticals,53.55,1.65,3.18,87.0,https://www.moneycontrol.com/india/stockpricequote/pharmaceuticals/biofilchemicalspharmaceuticals/BCP,BIOFILCHEM.NS
9,Lyka Labs,Pharmaceuticals,160.15,4.80,3.09,459.0,https://www.moneycontrol.com/india/stockpricequote/pharmaceuticals/lykalabs/LL02,LYKALABS.NS
10,Wockhardt,Pharmaceuticals,242.70,7.10,3.01,3496.0,https://www.moneycontrol.com/india/stockpricequote/pharmaceuticals/wockhardt/W05,WOCKPHARMA.NS
11,JB Chemicals,Pharmaceuticals,1844.65,50.40,2.81,14265.0,https://www.moneycontrol.com/india/stockpricequote/pharmaceuticals/jbchemicalspharmaceuticals/JBC01,JBCHEPHARM.NS
12,FDC,Pharmaceuticals,280.25,6.65,2.43,4650.0,https://www.moneycontrol.com/india/stockpricequote/pharmaceuticals/fdc/FDC,FDC.NS
13,IOL Chemicals,Pharmaceuticals,368.00,7.70,2.14,2160.0,https://www.moneycontrol.com/india/stockpricequote/pharmaceuticals/iolchemicalspharmaceuticals/IOL01,IOLCP.NS
14,Kopran,Pharmaceuticals,184.75,3.50,1.93,891.0,https://www.moneycontrol.com/india/stockpricequote/pharmaceuticals/kopran/K01,KOPRAN.NS
15,JagsonpalPharma,Pharmaceuticals,383.20,7.20,1.91,1004.0,https://www.moneycontrol.com/india/stockpricequote/pharmaceuticals/jagsonpalpharmaceuticals/JP02,JAGSNPHARM.NS
16,Alkem Lab,Pharmaceuticals,3034.85,57.00,1.91,36286.0,https://www.moneycontrol.com/india/stockpricequote/pharmaceuticals/alkemlaboratories/AL05,ALKEM.NS
17,Sun Pharma,Pharmaceuticals,884.60,15.05,1.73,212245.0,https://www.moneycontrol.com/india/stockpricequote/pharmaceuticals/sunpharmaceuticalindustries/SPI,SUNPHARMA.NS
18,Bal Pharma,Pharmaceuticals,95.55,1.40,1.49,149.0,https://www.moneycontrol.com/india/stockpricequote/pharmaceuticals/balpharma/BP02,BALPHARMA.NS
19,Marksans Pharma,Pharmaceuticals,53.45,0.75,1.42,2188.0,https://www.moneycontrol.com/india/stockpricequote/pharmaceuticals/marksanspharma/MP21,MARKSANS.NS
20,Procter&Gamble,Pharmaceuticals,4274.15,59.10,1.40,7095.0,https://www.moneycontrol.com/india/stockpricequote/pharmaceuticals/proctergamblehealth/M12,PGHL.NS
21,Natco Pharma,Pharmaceuticals,616.50,7.70,1.26,11255.0,https://www.moneycontrol.com/india/stockpricequote/pharmaceuticals/natcopharma/NP07,NATCOPHARM.NS
22,Strides Pharma ,Pharmaceuticals,331.00,3.25,0.99,2973.0,https://www.moneycontrol.com/india/stockpricequote/pharmaceuticals/stridespharmascience/SA10,STAR.NS
23,Cipla,Pharmaceuticals,1025.65,10.05,0.99,82770.0,https://www.moneycontrol.com/india/stockpricequote/pharmaceuticals/cipla/C,CIPLA.NS
24,Indoco Remedies,Pharmaceuticals,368.15,3.35,0.92,3393.0,https://www.moneycontrol.com/india/stockpricequote/pharmaceuticals/indocoremedies/IR05,INDOCO.NS
25,Aurobindo Pharm,Pharmaceuticals,539.55,4.65,0.87,31614.0,https://www.moneycontrol.com/india/stockpricequote/pharmaceuticals/aurobindopharma/AP,AUROPHARMA.NS
26,Mangalam Drugs,Pharmaceuticals,145.85,1.25,0.86,231.0,https://www.moneycontrol.com/india/stockpricequote/pharmaceuticals/mangalamdrugsorganics/MDO,MANGALAM.NS
27,AstraZeneca,Pharmaceuticals,3051.20,25.65,0.85,7628.0,https://www.moneycontrol.com/india/stockpricequote/pharmaceuticals/astrazenecapharma/AZP,ASTRAZEN.NS
28,Zydus Life,,371.20,2.50,0.68,38001.0,https://www.moneycontrol.com/india/stockpricequote/zyduslifesciences/zyduslifesciences/CHC,ZYDUSLIFE.NS
29,Sun Pharma Adv,Pharmaceuticals,227.85,1.50,0.66,6195.0,https://www.moneycontrol.com/india/stockpricequote/pharmaceuticals/sunpharmaadvancedresearchcompany/SPA,SPARC.NS
30,Sanofi India,Pharmaceuticals,6158.70,36.35,0.59,14184.0,https://www.moneycontrol.com/india/stockpricequote/pharmaceuticals/sanofiindia/AP26,SANOFI.NS
31,Dr Reddys Labs,Pharmaceuticals,4214.25,24.30,0.58,70146.0,https://www.moneycontrol.com/india/stockpricequote/pharmaceuticals/drreddyslaboratories/DRL,DRREDDY.NS
32,Ind-Swift,Pharmaceuticals,9.20,0.05,0.55,50.0,https://www.moneycontrol.com/india/stockpricequote/pharmaceuticals/indswift/IS02,INDSWFTLTD.NS
33,Glenmark,Pharmaceuticals,371.45,1.80,0.49,10481.0,https://www.moneycontrol.com/india/stockpricequote/pharmaceuticals/glenmarkpharma/GP08,GLENMARK.NS
34,GlaxoSmithKline,Pharmaceuticals,1440.15,6.40,0.45,24397.0,https://www.moneycontrol.com/india/stockpricequote/pharmaceuticals/glaxosmithklinepharmaceuticals/GSK,GLAXO.NS
35,Pfizer,Pharmaceuticals,4277.45,18.50,0.43,19568.0,https://www.moneycontrol.com/india/stockpricequote/pharmaceuticals/pfizer/P,PFIZER.NS
36,Astec Life,Pharmaceuticals,1919.15,8.10,0.42,3762.0,https://www.moneycontrol.com/india/stockpricequote/pharmaceuticals/asteclifesciences/AL13,ASTEC.NS
37,Hester Bio,Pharmaceuticals,2113.65,6.90,0.33,1798.0,https://www.moneycontrol.com/india/stockpricequote/pharmaceuticals/hesterbiosciences/HB01,HESTERBIO.NS
38,Shivalik Rasa,,976.80,3.15,0.32,1415.0,https://www.moneycontrol.com/india/stockpricequote/shivalikrasayan/shivalikrasayan/SR9,SHIVALIK.NS
39,Nath Bio-Genes,Pharmaceuticals,177.10,0.55,0.31,337.0,https://www.moneycontrol.com/india/stockpricequote/pharmaceuticals/nathbiogenes/NBG,NATHBIOGEN.NS
40,NGL Fine Chem,Pharmaceuticals,1599.55,4.90,0.31,988.0,https://www.moneycontrol.com/india/stockpricequote/pharmaceuticals/nglfinechem/NGL,NGLFINE.NS
41,Granules India,Pharmaceuticals,306.05,0.90,0.29,7599.0,https://www.moneycontrol.com/india/stockpricequote/pharmaceuticals/granulesindia/GI25,GRANULES.NS
42,Morepen Lab,Pharmaceuticals,34.45,0.10,0.29,1720.0,https://www.moneycontrol.com/india/stockpricequote/pharmaceuticals/morepenlaboratories/ML06,MOREPENLAB.NS
43,Themis Medicare,Pharmaceuticals,798.60,2.30,0.29,735.0,https://www.moneycontrol.com/india/stockpricequote/pharmaceuticals/themismedicare/TM04,THEMISMED.NS
44,Caplin Labs,Pharmaceuticals,775.00,2.15,0.28,5875.0,https://www.moneycontrol.com/india/stockpricequote/pharmaceuticals/caplinpointlaboratories/CPL,CAPLIPOINT.NS
45,SMS Pharma,Pharmaceuticals,81.35,0.20,0.25,689.0,https://www.moneycontrol.com/india/stockpricequote/pharmaceuticals/smspharmaceuticals/SP38,SMSPHARMA.NS
46,Suven Life Sci,Pharmaceuticals,70.50,0.15,0.21,1025.0,https://www.moneycontrol.com/india/stockpricequote/pharmaceuticals/suvenlifesciences/SLS01,SUVEN.NS
47,Shilpa,Pharmaceuticals,381.95,0.60,0.16,3315.0,https://www.moneycontrol.com/india/stockpricequote/pharmaceuticals/shilpamedicare/SM19,SHILPAMED.NS
48,Advanced Enzyme,Pharmaceuticals,268.90,0.25,0.09,3007.0,https://www.moneycontrol.com/india/stockpricequote/pharmaceuticals/advancedenzymetechnologies/AET,ADVENZYMES.NS
49,Torrent Pharma,Pharmaceuticals,1520.75,0.90,0.06,51469.0,https://www.moneycontrol.com/india/stockpricequote/pharmaceuticals/torrentpharmaceuticals/TP06,TORNTPHARM.NS
50,Lupin,Pharmaceuticals,653.15,-0.55,-0.08,29697.0,https://www.moneycontrol.com/india/stockpricequote/pharmaceuticals/lupin/L,LUPIN.NS
51,Bafna Pharma,Pharmaceuticals,113.90,-0.10,-0.09,269.0,https://www.moneycontrol.com/india/stockpricequote/pharmaceuticals/bafnapharmaceuticals/BP01,BAFNAPH.NS
52,Panacea Biotec,Pharmaceuticals,139.70,-0.15,-0.11,856.0,https://www.moneycontrol.com/india/stockpricequote/pharmaceuticals/panaceabiotec/PB02,PANACEABIO.NS
53,Divis Labs,Pharmaceuticals,3592.75,-5.40,-0.15,95376.0,https://www.moneycontrol.com/india/stockpricequote/pharmaceuticals/divislaboratories/DL03,DIVISLAB.NS
54,Lincoln Pharma,Pharmaceuticals,288.45,-0.55,-0.19,578.0,https://www.moneycontrol.com/india/stockpricequote/pharmaceuticals/lincolnpharmaceuticals/LP06,LINCOLN.NS
55,Vaishali Pharma,Pharmaceuticals,96.70,-0.25,-0.26,102.0,https://www.moneycontrol.com/india/stockpricequote/pharmaceuticals/vaishalipharma/VP01,VAISHALI.NS
56,Zota Health Car,Pharmaceuticals,265.30,-0.70,-0.26,668.0,https://www.moneycontrol.com/india/stockpricequote/pharmaceuticals/zotahealthcare/ZHC,ZOTA.NS
57,Ipca Labs,Pharmaceuticals,886.35,-3.50,-0.39,22487.0,https://www.moneycontrol.com/india/stockpricequote/pharmaceuticals/ipcalaboratories/IL,IPCALAB.NS
58,Alembic,Pharmaceuticals,72.90,-0.30,-0.41,1872.0,https://www.moneycontrol.com/india/stockpricequote/pharmaceuticals/alembic/A08,ALEMBICLTD.NS
59,Aarti Drugs,Pharmaceuticals,433.65,-2.10,-0.48,4016.0,https://www.moneycontrol.com/india/stockpricequote/pharmaceuticals/aartidrugs/AD,AARTIDRUGS.NS
60,Ind-Swift Labs,Pharmaceuticals,59.40,-0.30,-0.50,351.0,https://www.moneycontrol.com/india/stockpricequote/pharmaceuticals/indswiftlaboratories/ISL,INDSWFTLAB.NS
61,Ajanta Pharma,Pharmaceuticals,1346.30,-7.80,-0.58,17249.0,https://www.moneycontrol.com/india/stockpricequote/pharmaceuticals/ajantapharma/AP22,AJANTPHARM.NS
62,Alembic Pharma,Pharmaceuticals,640.00,-3.90,-0.61,12580.0,https://www.moneycontrol.com/india/stockpricequote/pharmaceuticals/alembicpharmaceuticals/AP35,APLLTD.NS
63,Ortin Labs,Pharmaceuticals,23.65,-0.15,-0.63,19.0,https://www.moneycontrol.com/india/stockpricequote/pharmaceuticals/ortinlaboratories/OL01,ORTINLAB.NS
64,TTK Healthcare,Pharmaceuticals,873.40,-5.80,-0.66,1234.0,https://www.moneycontrol.com/india/stockpricequote/pharmaceuticals/ttkhealthcare/TTK,TTKHLTCARE.NS
65,Hikal,Pharmaceuticals,331.50,-2.35,-0.70,4087.0,https://www.moneycontrol.com/india/stockpricequote/pharmaceuticals/hikal/H05,HIKAL.NS
66,Biocon,Pharmaceuticals,292.80,-2.80,-0.95,35154.0,https://www.moneycontrol.com/india/stockpricequote/pharmaceuticals/biocon/BL03,BIOCON.NS
67,Venus Remedies,Pharmaceuticals,212.75,-2.25,-1.05,284.0,https://www.moneycontrol.com/india/stockpricequote/pharmaceuticals/venusremedies/VR01,VENUSREM.NS
68,Laurus Labs,Pharmaceuticals,562.85,-6.20,-1.09,30245.0,https://www.moneycontrol.com/india/stockpricequote/pharmaceuticals/lauruslabs/LL05,LAURUSLABS.NS
69,Orchid Pharma,Pharmaceuticals,314.75,-3.75,-1.18,1285.0,https://www.moneycontrol.com/india/stockpricequote/pharmaceuticals/orchidpharma/OCP,ORCHPHARMA.NS
70,Jubilant Pharmo,Pharmaceuticals,328.30,-4.05,-1.22,5229.0,https://www.moneycontrol.com/india/stockpricequote/pharmaceuticals/jubilantpharmova/JO03,JUBLPHARMA.NS
71,Piramal Enter,Pharmaceuticals,1020.35,-12.60,-1.22,24352.0,https://www.moneycontrol.com/india/stockpricequote/pharmaceuticals/piramalenterprises/PH05,PEL.NS
72,Abbott India,Pharmaceuticals,18209.00,-233.25,-1.26,38693.0,https://www.moneycontrol.com/india/stockpricequote/pharmaceuticals/abbottindia/AI51,ABBOTINDIA.NS
73,Beta Drugs,Pharmaceuticals,788.50,-11.50,-1.44,758.0,https://www.moneycontrol.com/india/stockpricequote/pharmaceuticals/betadrugs/BD04,BETA.NS
74,Vivimed Labs,Pharmaceuticals,9.60,-0.15,-1.54,80.0,https://www.moneycontrol.com/india/stockpricequote/pharmaceuticals/vivimedlabs/VL07,VIVIMEDLAB.NS
75,Kilitch Drugs,Pharmaceuticals,165.15,-3.00,-1.78,257.0,https://www.moneycontrol.com/india/stockpricequote/pharmaceuticals/kilitchdrugsindia/KDI,KILITCH.NS
76,RPG Life,Pharmaceuticals,754.45,-19.95,-2.58,1248.0,https://www.moneycontrol.com/india/stockpricequote/pharmaceuticals/rpglifesciences/RPG05,RPGLIFE.NS
77,Dr Lal PathLab,Pharmaceuticals,2369.20,-70.05,-2.87,19748.0,https://www.moneycontrol.com/india/stockpricequote/pharmaceuticals/drlalpathlabs/DLP01,LALPATHLAB.NS
78,Nectar Life,Pharmaceuticals,23.20,-0.75,-3.13,520.0,https://www.moneycontrol.com/india/stockpricequote/pharmaceuticals/nectarlifesciences/NL01,NECLIFE.NS
79,Medicamen Bio,Pharmaceuticals,1092.25,-40.10,-3.54,1334.0,https://www.moneycontrol.com/india/stockpricequote/pharmaceuticals/medicamenbiotech/MB,MEDICAMEQ.NS
80,Neuland Lab,Pharmaceuticals,1216.65,-51.25,-4.04,1561.0,https://www.moneycontrol.com/india/stockpricequote/pharmaceuticals/neulandlaboratories/NL,NEULANDLAB.NS
81,Parenteral Drug,Pharmaceuticals,3.10,-0.15,-4.62,9.0,https://www.moneycontrol.com/india/stockpricequote/pharmaceuticals/parenteraldrugsindia/PDI01,PDPL.NS
82,Brooks Labs,Pharmaceuticals,136.30,-7.15,-4.98,337.0,https://www.moneycontrol.com/india/stockpricequote/pharmaceuticals/brookslaboratories/BL,BROOKS.NS
