,Stocks,Industry,LastPrice,Change,PctChange,MktCap,URL,Ticker
0,Foce India,Retailing,410.00,30.00,7.89,201.0,https://www.moneycontrol.com/india/stockpricequote/retailing/foceindia/FI21,FOCE.NS
1,Ganesh Housing,Construction & Contracting - Housing,383.00,25.30,7.07,3194.0,https://www.moneycontrol.com/india/stockpricequote/constructioncontractinghousing/ganeshhousingcorporation/GHC02,GANESHHOUC.NS
2,TCI Developers,Construction & Contracting - Real Estate,397.75,24.25,6.49,148.0,https://www.moneycontrol.com/india/stockpricequote/constructioncontractingrealestate/tcidevelopers/TCI07,TCIDEVELOP.NS
3,DB Realty,Construction & Contracting - Real Estate,76.70,3.65,5.00,2217.0,https://www.moneycontrol.com/india/stockpricequote/constructioncontractingrealestate/dbrealty/DR,DBREALTY.NS
4,Peninsula Land,Construction & Contracting - Housing,17.20,0.80,4.88,480.0,https://www.moneycontrol.com/india/stockpricequote/constructioncontractinghousing/peninsulaland/PL10,PENINLAND.NS
5,PVP Ventures,Construction & Contracting - Real Estate,8.20,0.35,4.46,201.0,https://www.moneycontrol.com/india/stockpricequote/constructioncontractingrealestate/pvpventures/PVP,PVP.NS
6,Prozone Intu,Construction & Contracting - Real Estate,24.40,1.00,4.27,372.0,https://www.moneycontrol.com/india/stockpricequote/constructioncontractingrealestate/prozoneintuproperties/PCS03,PROZONINTU.NS
7,HDIL,Construction & Contracting - Real Estate,6.15,0.25,4.24,292.0,https://www.moneycontrol.com/india/stockpricequote/constructioncontractingrealestate/housingdevelopmentinfrastructure/HDI,HDIL.NS
8,Indiabulls Real,Construction & Contracting - Real Estate,90.35,3.20,3.67,4894.0,https://www.moneycontrol.com/india/stockpricequote/constructioncontractingrealestate/indiabullsrealestate/IRE01,IBREALEST.NS
9,Future Retail,Retail,3.50,0.10,2.94,190.0,https://www.moneycontrol.com/india/stockpricequote/retail/futureretail/FR,FRETAIL.NS
10,Future Ent,Retail,1.75,0.05,2.94,80.0,https://www.moneycontrol.com/india/stockpricequote/retail/futureenterprises/PR03,FEL.NS
11,Ashiana Housing,Construction & Contracting - Housing,154.95,4.35,2.89,1586.0,https://www.moneycontrol.com/india/stockpricequote/constructioncontractinghousing/ashianahousing/AH07,ASHIANA.NS
12,Brigade Ent,Construction & Contracting - Real Estate,536.35,14.50,2.78,12366.0,https://www.moneycontrol.com/india/stockpricequote/constructioncontractingrealestate/brigadeenterprises/BE08,BRIGADE.NS
13,Vascon Engineer,,26.80,0.55,2.10,582.0,https://www.moneycontrol.com/india/stockpricequote/vasconengineers/vasconengineers/VE01,VASCONEQ.NS
14,Prestige Estate,Construction & Contracting - Real Estate,490.15,9.55,1.99,19648.0,https://www.moneycontrol.com/india/stockpricequote/constructioncontractingrealestate/prestigeestatesprojects/PEP02,PRESTIGE.NS
15,Aditya Birla F,Retail,313.55,6.10,1.98,29423.0,https://www.moneycontrol.com/india/stockpricequote/retail/adityabirlafashionretail/PFR,ABFRL.NS
16,Anant Raj,,95.40,1.70,1.81,3092.0,https://www.moneycontrol.com/india/stockpricequote/anantraj/anantraj/ARI,ANANTRAJ.NS
17,Omaxe,Construction & Contracting - Real Estate,98.65,1.75,1.81,1804.0,https://www.moneycontrol.com/india/stockpricequote/constructioncontractingrealestate/omaxe/O02,OMAXE.NS
18,Cantabil Retail,Retail,1508.65,26.35,1.78,2463.0,https://www.moneycontrol.com/india/stockpricequote/retail/cantabilretailindia/CRI01,CANTABIL.NS
19,Oberoi Realty,Construction & Contracting - Real Estate,1040.30,17.00,1.66,37826.0,https://www.moneycontrol.com/india/stockpricequote/constructioncontractingrealestate/oberoirealty/OR,OBEROIRLTY.NS
20,Go Fashion,Retailing,1186.45,18.55,1.59,6408.0,https://www.moneycontrol.com/india/stockpricequote/retailing/gofashionindia/GFI04,GOCOLORS.NS
21,Nila Infra,,6.85,0.10,1.48,270.0,https://www.moneycontrol.com/india/stockpricequote/nilainfrastructures/nilainfrastructures/NHI,NILAINFRA.NS
22,Landmark Prop,Construction & Contracting - Real Estate,6.90,0.10,1.47,93.0,https://www.moneycontrol.com/india/stockpricequote/constructioncontractingrealestate/landmarkpropertydevelopmentcompany/LPD,LPDC.NS
23,Macrotech Dev,Construction - Residential & Commercial Complexes,1103.70,15.00,1.38,53156.0,https://www.moneycontrol.com/india/stockpricequote/constructionresidentialcommercialcomplexes/macrotechdevelopers/MD03,LODHA.NS
24,Shriram Prop,Construction - Residential & Commercial Complexes,83.30,1.05,1.28,1416.0,https://www.moneycontrol.com/india/stockpricequote/constructionresidentialcommercialcomplexes/shriramproperties/SP21,SHRIRAMPPS.NS
25,Kewal Kiran,Retail,424.80,5.15,1.23,2618.0,https://www.moneycontrol.com/india/stockpricequote/retail/kewalkiranclothing/KKC02,KKCL.NS
26,HUDCO,Construction & Contracting - Real Estate,42.05,0.35,0.84,8418.0,https://www.moneycontrol.com/india/stockpricequote/constructioncontractingrealestate/housingurbandevelopmentcorporation/HUD,HUDCO.NS
27,Heads UP Vent,,13.10,0.10,0.77,29.0,https://www.moneycontrol.com/india/stockpricequote/headsupventures/headsupventures/TMR,HEADSUP.NS
28,Sobha,Construction & Contracting - Real Estate,708.10,4.90,0.70,6716.0,https://www.moneycontrol.com/india/stockpricequote/constructioncontractingrealestate/sobha/SD6,SOBHA.NS
29,Godrej Prop,Construction & Contracting - Real Estate,1428.60,9.75,0.69,39715.0,https://www.moneycontrol.com/india/stockpricequote/constructioncontractingrealestate/godrejproperties/GP11,GODREJPROP.NS
30,Puravankara,Construction & Contracting - Real Estate,109.05,0.65,0.60,2586.0,https://www.moneycontrol.com/india/stockpricequote/constructioncontractingrealestate/puravankara/PP01,PURVA.NS
31,Shradha Infra,Construction & Contracting - Real Estate,45.85,0.25,0.55,46.0,https://www.moneycontrol.com/india/stockpricequote/constructioncontractingrealestate/shradhainfraprojects/SI65,SHRADHA.NS
32,Medplus Health,Food & Drug Retailing,741.50,3.85,0.52,8847.0,https://www.moneycontrol.com/india/stockpricequote/fooddrugretailing/medplushealthservices/MHS01,MEDPLUS.NS
33,Trent,Retail,1398.25,7.15,0.51,49706.0,https://www.moneycontrol.com/india/stockpricequote/retail/trent/T04,TRENT.NS
34,Vedant Fashions,Retailing,1305.80,5.60,0.43,31692.0,https://www.moneycontrol.com/india/stockpricequote/retailing/vedantfashions/VF04,MANYAVAR.NS
35,Kolte-Patil,Construction & Contracting - Real Estate,316.55,1.10,0.35,2406.0,https://www.moneycontrol.com/india/stockpricequote/constructioncontractingrealestate/koltepatildevelopers/KD07,KOLTEPATIL.NS
36,Avenue Supermar,Retail,4577.45,0.65,0.01,296516.0,https://www.moneycontrol.com/india/stockpricequote/retail/avenuesupermarts/AS19,DMART.NS
37,Ansal Housing,Construction & Contracting - Housing,6.65,0.00,0.00,39.0,https://www.moneycontrol.com/india/stockpricequote/constructioncontractinghousing/ansalhousing/AHC,ANSALHSG.NS
38,Ansal Propertie,Construction & Contracting - Housing,18.80,0.00,0.00,296.0,https://www.moneycontrol.com/india/stockpricequote/constructioncontractinghousing/ansalpropertiesinfrastructure/API07,ANSALAPI.NS
39,Sunteck Realty,Construction & Contracting - Real Estate,473.95,-0.20,-0.04,6941.0,https://www.moneycontrol.com/india/stockpricequote/constructioncontractingrealestate/sunteckrealty/SR05,SUNTECK.NS
40,Phoenix Mills,Construction & Contracting - Real Estate,1389.05,-0.60,-0.04,24803.0,https://www.moneycontrol.com/india/stockpricequote/constructioncontractingrealestate/phoenixmills/PM02,PHOENIXLTD.NS
41,Mindspace REIT,,374.96,-0.74,-0.20,22236.0,https://www.moneycontrol.com/india/stockpricequote/mindspacebusinessparksreit/mindspacebusinessparksreit/MBP02,MINDSPACE.NS
42,TARC,,43.85,-0.10,-0.23,1294.0,https://www.moneycontrol.com/india/stockpricequote/tarc/tarc/ARG,TARC.NS
43,DLF,Construction & Contracting - Real Estate,394.10,-0.90,-0.23,97552.0,https://www.moneycontrol.com/india/stockpricequote/constructioncontractingrealestate/dlf/D04,DLF.NS
44,Brookfield REIT,Construction - Real Estate,329.20,-0.83,-0.25,11031.0,https://www.moneycontrol.com/india/stockpricequote/constructionrealestate/brookfieldindiarealestatetrust/BIR,BIRET.NS
45,Hemisphere,,104.50,-0.45,-0.43,2978.0,https://www.moneycontrol.com/india/stockpricequote/hemispherepropertiesindia/hemispherepropertiesindia/HPI01,HEMIPROP.NS
46,Embassy Office,Construction - Real Estate,363.96,-1.98,-0.54,28086.0,https://www.moneycontrol.com/india/stockpricequote/constructionrealestate/embassyofficeparksreit/EOP,EMBASSY.NS
47,Shoppers Stop,Retail,618.50,-3.80,-0.61,6777.0,https://www.moneycontrol.com/india/stockpricequote/retail/shoppersstop/SS51,SHOPERSTOP.NS
48,Emami Realty ,Construction & Contracting - Real Estate,71.00,-0.55,-0.77,269.0,https://www.moneycontrol.com/india/stockpricequote/constructioncontractingrealestate/emamirealty/EI23,EMAMIREAL.NS
49,PNC Infratech,Construction & Contracting - Real Estate,283.95,-2.35,-0.82,7284.0,https://www.moneycontrol.com/india/stockpricequote/constructioncontractingrealestate/pncinfratech/PI26,PNCINFRA.NS
50,Eldeco Housing,,689.75,-10.75,-1.53,678.0,https://www.moneycontrol.com/india/stockpricequote/eldecohousingindustries/eldecohousingindustries/EH01,ELDEHSG.NS
51,Dhruv Consultan,Construction & Contracting - Real Estate,63.35,-1.05,-1.63,91.0,https://www.moneycontrol.com/india/stockpricequote/constructioncontractingrealestate/dhruvconsultancyservices/DCS01,DHRUV.NS
52,Prajay Engineer,Construction & Contracting - Housing,14.05,-0.25,-1.75,98.0,https://www.moneycontrol.com/india/stockpricequote/constructioncontractinghousing/prajayengineerssyndicate/PES,PRAENG.NS
53,Parsvnath,Construction & Contracting - Real Estate,7.30,-0.20,-2.67,318.0,https://www.moneycontrol.com/india/stockpricequote/constructioncontractingrealestate/parsvnathdevelopers/PD05,PARSVNATH.NS
54,Marathon Realty,Construction & Contracting - Real Estate,253.65,-6.95,-2.67,1172.0,https://www.moneycontrol.com/india/stockpricequote/constructioncontractingrealestate/marathonnextgenrealty/MNR,MARATHON.NS
55,V-Mart Retail,Retail,2888.35,-111.60,-3.72,5710.0,https://www.moneycontrol.com/india/stockpricequote/retail/vmartretail/VR03,VMART.NS
56,Sumit Woods,,13.90,-0.60,-4.14,43.0,https://www.moneycontrol.com/india/stockpricequote/sumitwoods/sumitwoods/SW01,SUMIT.NS
57,Future Life,Retail,11.15,-0.55,-4.70,225.0,https://www.moneycontrol.com/india/stockpricequote/retail/futurelifestylefashions/FLF01,FLFL.NS
58,Hubtown,Construction & Contracting - Real Estate,109.30,-5.75,-5.00,795.0,https://www.moneycontrol.com/india/stockpricequote/constructioncontractingrealestate/hubtown/AC24,HUBTOWN.NS
