,Stocks,Industry,LastPrice,Change,PctChange,MktCap,URL,Ticker
0,Bajaj Health,Hospitals & Medical Services,400.10,38.70,10.71,1104.0,https://www.moneycontrol.com/india/stockpricequote/hospitalsmedicalservices/bajajhealthcare/BHL,BAJAJHCARE.NS
1,V2 Retail,Retail,126.15,11.65,10.17,434.0,https://www.moneycontrol.com/india/stockpricequote/retail/v2retail/VR02,V2RETAIL.NS
2,TGB Banquets,Hotels,12.25,1.10,9.87,36.0,https://www.moneycontrol.com/india/stockpricequote/hotels/tgbbanquetshotels/BBaH,TGBHOTELS.NS
3,JIK Industries,Trading,0.65,0.05,8.33,5.0,https://www.moneycontrol.com/india/stockpricequote/trading/jikindustries/JIK,JIKIND.NS
4,Shalby ,Hospitals & Medical Services,138.60,10.25,7.99,1497.0,https://www.moneycontrol.com/india/stockpricequote/hospitalsmedicalservices/shalby/SL18,SHALBY.NS
5,Shreyas Shippin,Shipping,395.65,21.05,5.62,869.0,https://www.moneycontrol.com/india/stockpricequote/shipping/shreyasshipping/SS12,SHREYAS.NS
6,Kothari Petro,Trading,79.25,3.95,5.25,469.0,https://www.moneycontrol.com/india/stockpricequote/trading/kotharipetrochem/KP12,KOTHARIPET.NS
7,AVG Logistics,Transport & Logistics,62.85,2.95,4.92,74.0,https://www.moneycontrol.com/india/stockpricequote/transportlogistics/avglogistics/ALL02,AVG.NS
8,Jalan Transolut,Transport & Logistics,8.90,0.40,4.71,13.0,https://www.moneycontrol.com/india/stockpricequote/transportlogistics/jalantransolutions/JT03,JALAN.NS
9,Reliance Naval ,Shipping,3.45,0.15,4.55,254.0,https://www.moneycontrol.com/india/stockpricequote/shipping/reliancenavalengineering/PS04,RNAVAL.NS
10,Indian Hotels,Hotels,309.95,13.35,4.50,44025.0,https://www.moneycontrol.com/india/stockpricequote/hotels/indianhotelscompany/IHC,INDHOTEL.NS
11,Mercator,Shipping,1.40,0.05,3.70,42.0,https://www.moneycontrol.com/india/stockpricequote/shipping/mercator/ML02,MERCATOR.NS
12,Goenka Diamond,Diamond Cutting & Jewellery & Precious Metals,1.90,0.05,2.70,60.0,https://www.moneycontrol.com/india/stockpricequote/diamondcuttingjewellerypreciousmetals/goenkadiamondjewels/GDJ01,GOENKA.NS
13,Viceroy Hotels,Hotels,1.90,0.05,2.70,8.0,https://www.moneycontrol.com/india/stockpricequote/hotels/viceroyhotels/VH04,VICEROY.NS
14,Control Print,Trading,481.95,12.30,2.62,787.0,https://www.moneycontrol.com/india/stockpricequote/trading/controlprint/CP11,CONTROLPR.NS
15,PC Jeweller,Diamond Cutting & Jewellery & Precious Metals,73.90,1.60,2.21,3439.0,https://www.moneycontrol.com/india/stockpricequote/diamondcuttingjewellerypreciousmetals/pcjeweller/PJ,PCJEWELLER.NS
16,Royal Orchid,Hotels,270.05,5.80,2.19,741.0,https://www.moneycontrol.com/india/stockpricequote/hotels/royalorchidhotels/RO01,ROHLTD.NS
17,Kovai Medical,Hospitals & Medical Services,1565.80,32.00,2.09,1713.0,https://www.moneycontrol.com/india/stockpricequote/hospitalsmedicalservices/kovaimedicalcenterhospital/KMC02,KOVAI.NS
18,Healthcare Glob,Hospitals & Medical Services,274.50,5.50,2.04,3816.0,https://www.moneycontrol.com/india/stockpricequote/hospitalsmedicalservices/healthcareglobalenterprises/HGE,HCG.NS
19,Mahindra Holida,Hotels,289.20,5.15,1.81,5813.0,https://www.moneycontrol.com/india/stockpricequote/hotels/mahindraholidaysresortsindia/MHR,MHRIL.NS
20,Thyrocare Techn,Hospitals & Medical Services,631.05,11.05,1.78,3338.0,https://www.moneycontrol.com/india/stockpricequote/hospitalsmedicalservices/thyrocaretechnologies/TT16,THYROCARE.NS
21,Ritco Logistics,Transport & Logistics,235.45,3.95,1.71,576.0,https://www.moneycontrol.com/india/stockpricequote/transportlogistics/ritcologistics/RL06,RITCO.NS
22,Lypsa Gems,Diamond Cutting & Jewellery & Precious Metals,6.05,0.10,1.68,18.0,https://www.moneycontrol.com/india/stockpricequote/diamondcuttingjewellerypreciousmetals/lypsagemsjewellery/LGJ,LYPSAGEMS.NS
23,Asian Hotels,Hotels,89.65,1.30,1.47,174.0,https://www.moneycontrol.com/india/stockpricequote/hotels/asianhotelsnorth/AH,ASIANHOTNR.NS
24,Lemon Tree Hote,Hotels,73.05,1.05,1.46,5787.0,https://www.moneycontrol.com/india/stockpricequote/hotels/lemontreehotelsltd/LTH,LEMONTREE.NS
25,Indraprastha,Hospitals & Medical Services,73.55,0.95,1.31,674.0,https://www.moneycontrol.com/india/stockpricequote/hospitalsmedicalservices/indraprasthamedicalcorporation/IMC03,INDRAMEDCO.NS
26,Apollo Sindoori,,869.55,10.60,1.23,226.0,https://www.moneycontrol.com/india/stockpricequote/apollosindoorihotels/apollosindoorihotels/ASH,APOLSINHOT.NS
27,Asian Hotel (E),Hotels,251.30,2.90,1.17,290.0,https://www.moneycontrol.com/india/stockpricequote/hotels/asianhotelseast/AHE01,AHLEAST.NS
28,Country Club,Hotels,8.85,0.10,1.14,145.0,https://www.moneycontrol.com/india/stockpricequote/hotels/countryclubhospitalityholidays/CCI06,CCHHL.NS
29,Uniphos Ent,Trading,134.20,1.45,1.09,933.0,https://www.moneycontrol.com/india/stockpricequote/trading/uniphosenterprises/UE,UNIENTER.NS
30,PTC India,Trading,85.20,0.70,0.83,2522.0,https://www.moneycontrol.com/india/stockpricequote/trading/ptcindia/PTC02,PTC.NS
31,Westlife Dev,Hotels,650.05,5.30,0.82,10137.0,https://www.moneycontrol.com/india/stockpricequote/hotels/westlifedevelopment/DIC,WESTLIFE.NS
32,Agarwal Ind,Transport & Logistics,675.25,5.50,0.82,976.0,https://www.moneycontrol.com/india/stockpricequote/transportlogistics/agarwalindustrialcorporation/AIC03,AGARIND.NS
33,STC India,Trading,92.30,0.75,0.82,554.0,https://www.moneycontrol.com/india/stockpricequote/trading/statetradingcorporationindia/STC,STCINDIA.NS
34,Shipping Corp,Shipping,120.55,0.90,0.75,5615.0,https://www.moneycontrol.com/india/stockpricequote/shipping/shippingcorporationindia/SCI,SCI.NS
35,Tribhovandas,Diamond Cutting & Jewellery & Precious Metals,75.55,0.55,0.73,504.0,https://www.moneycontrol.com/india/stockpricequote/diamondcuttingjewellerypreciousmetals/tribhovandasbhimjizaveri/TBZ,TBZ.NS
36,Kamat Hotels,Hotels,102.50,0.70,0.69,242.0,https://www.moneycontrol.com/india/stockpricequote/hotels/kamathotelsindia/KHI,KAMATHOTEL.NS
37,Shree Vasu,Transport & Logistics,151.00,1.00,0.67,115.0,https://www.moneycontrol.com/india/stockpricequote/transportlogistics/shreevasulogistics/SVL01,SVLL.NS
38,Blue Dart,Couriers,8822.75,56.35,0.64,20935.0,https://www.moneycontrol.com/india/stockpricequote/couriers/bluedartexpress/BDE,BLUEDART.NS
39,Silgo Retail,,26.00,0.15,0.58,27.0,https://www.moneycontrol.com/india/stockpricequote/silgoretail/silgoretail/SR08,SILGO.NS
40,Advani Hotels,Hotels,83.30,0.30,0.36,385.0,https://www.moneycontrol.com/india/stockpricequote/hotels/advanihotelsresortsindia/AHR,ADVANIHOTR.NS
41,SpiceJet,Transport & Logistics,45.20,0.05,0.11,2720.0,https://www.moneycontrol.com/india/stockpricequote/transportlogistics/spicejet/SJ01,SPICEJET.NS
42,Hotel Rugby,Hotels,5.30,0.00,0.00,8.0,https://www.moneycontrol.com/india/stockpricequote/hotels/hotelrugby/HR02,HOTELRUGBY.NS
43,Gujarat Pipavav,Shipping,86.85,-0.05,-0.06,4199.0,https://www.moneycontrol.com/india/stockpricequote/shipping/gujaratpipavavport/GPP03,GPPL.NS
44,MMTC Ltd,Trading,41.65,-0.10,-0.24,6248.0,https://www.moneycontrol.com/india/stockpricequote/trading/mmtc/MMT,MMTC.NS
45,Seamec,Shipping,1078.75,-2.85,-0.26,2743.0,https://www.moneycontrol.com/india/stockpricequote/shipping/seamec/S14,SEAMECLTD.NS
46,Adani Enterpris,Trading,3346.55,-9.25,-0.28,394957.0,https://www.moneycontrol.com/india/stockpricequote/trading/adanienterprises/AE13,ADANIENT.NS
47,Chalet Hotels,Hotels,330.60,-1.50,-0.45,6778.0,https://www.moneycontrol.com/india/stockpricequote/hotels/chalethotels/CH03,CHALET.NS
48,Interglobe Avi,Transport & Logistics,2019.90,-9.50,-0.47,77854.0,https://www.moneycontrol.com/india/stockpricequote/transportlogistics/interglobeaviation/IA04,INDIGO.NS
49,Lotus Eye Care,Hospitals & Medical Services,64.40,-0.35,-0.54,134.0,https://www.moneycontrol.com/india/stockpricequote/hospitalsmedicalservices/lotuseyecarehospital/LEC01,LOTUSEYE.NS
50,Jet Airways,Transport & Logistics,101.15,-0.55,-0.54,1149.0,https://www.moneycontrol.com/india/stockpricequote/transportlogistics/jetairways/JA01,JETAIRWAYS.NS
51,Shaily Engg,Trading,1930.30,-12.05,-0.62,1771.0,https://www.moneycontrol.com/india/stockpricequote/trading/shailyengineeringplastics/SEP02,SHAILY.NS
52,Apollo Hospital,Hospitals & Medical Services,4282.55,-29.80,-0.69,61576.0,https://www.moneycontrol.com/india/stockpricequote/hospitalsmedicalservices/apollohospitalsenterprises/AHE,APOLLOHOSP.NS
53,Container Corp,Transport & Logistics,669.15,-5.20,-0.77,40771.0,https://www.moneycontrol.com/india/stockpricequote/transportlogistics/containercorporationindia/CCI,CONCOR.NS
54,Gati,Couriers,172.85,-1.50,-0.86,2126.0,https://www.moneycontrol.com/india/stockpricequote/couriers/gati/G04,GATI.NS
55,Rajesh Exports,Diamond Cutting & Jewellery & Precious Metals,580.05,-5.15,-0.88,17127.0,https://www.moneycontrol.com/india/stockpricequote/diamondcuttingjewellerypreciousmetals/rajeshexports/RE07,RAJESHEXPO.NS
56,HLV,Hotels,10.40,-0.10,-0.95,686.0,https://www.moneycontrol.com/india/stockpricequote/hotels/hlv/HLV,HLVLTD.NS
57,India Tourism D,Hotels,388.05,-3.80,-0.97,3328.0,https://www.moneycontrol.com/india/stockpricequote/hotels/indiatourismdevelopmentcorporation/ITD02,ITDC.NS
58,Narayana Hruda,Hospitals & Medical Services,706.75,-6.95,-0.97,14443.0,https://www.moneycontrol.com/india/stockpricequote/hospitalsmedicalservices/narayanahrudayalaya/NH,NH.NS
59,VRL Logistics,Transport & Logistics,616.55,-6.10,-0.98,5447.0,https://www.moneycontrol.com/india/stockpricequote/transportlogistics/vrllogistics/VL03,VRLLOG.NS
60,Ind Motor Parts,Trading,746.50,-7.60,-1.01,932.0,https://www.moneycontrol.com/india/stockpricequote/trading/indiamotorpartsaccessories/IMP03,IMPAL.NS
61,Accuracy Shippi,Shipping,198.90,-2.05,-1.02,299.0,https://www.moneycontrol.com/india/stockpricequote/shipping/accuracyshipping/AS26,ACCURACY.NS
62,Arshiya,Transport & Logistics,13.95,-0.15,-1.06,366.0,https://www.moneycontrol.com/india/stockpricequote/transportlogistics/arshiya/AI60,ARSHIYA.NS
63,Total Transport,Transport & Logistics,110.10,-1.25,-1.12,158.0,https://www.moneycontrol.com/india/stockpricequote/transportlogistics/totaltransportsystems/TTS01,TOTAL.NS
64,Goldiam Inter,Diamond Cutting & Jewellery & Precious Metals,139.35,-1.65,-1.17,1519.0,https://www.moneycontrol.com/india/stockpricequote/diamondcuttingjewellerypreciousmetals/goldiaminternational/GI10,GOLDIAM.NS
65,Speciality Rest,Hotels,211.85,-2.80,-1.30,995.0,https://www.moneycontrol.com/india/stockpricequote/hotels/specialityrestaurants/SR06,SPECIALITY.NS
66,Taj GVK Hotels,Hotels,179.45,-2.40,-1.32,1125.0,https://www.moneycontrol.com/india/stockpricequote/hotels/tajgvkhotelsresorts/TGV,TAJGVK.NS
67,Patel Integrate,,14.90,-0.20,-1.32,54.0,https://www.moneycontrol.com/india/stockpricequote/patelintegratedlogistics/patelintegratedlogistics/PIL05,PATINTLOG.NS
68,Navkar Corp,Transport & Logistics,62.05,-0.90,-1.43,934.0,https://www.moneycontrol.com/india/stockpricequote/transportlogistics/navkarcorporation/NC02,NAVKARCORP.NS
69,Fortis Health,Hospitals & Medical Services,287.00,-4.65,-1.59,21667.0,https://www.moneycontrol.com/india/stockpricequote/hospitalsmedicalservices/fortishealthcare/FH,FORTIS.NS
70,Jindal Worldwid,Textiles - General,204.00,-3.35,-1.62,4091.0,https://www.moneycontrol.com/india/stockpricequote/textilesgeneral/jindalworldwide/JW01,JINDWORLD.NS
71,Metropolis,Hospitals & Medical Services,1377.45,-25.45,-1.81,7053.0,https://www.moneycontrol.com/india/stockpricequote/hospitalsmedicalservices/metropolishealthcare/MH06,METROPOLIS.NS
72,EIH,Hotels,184.15,-3.80,-2.02,11516.0,https://www.moneycontrol.com/india/stockpricequote/hotels/eih/EIH,EIHOTEL.NS
73,Transport Corp,Transport & Logistics,694.55,-14.65,-2.07,5384.0,https://www.moneycontrol.com/india/stockpricequote/transportlogistics/transportcorporationindia/TCI04,TCI.NS
74,Thangamayil,Diamond Cutting & Jewellery & Precious Metals,1100.90,-23.45,-2.09,1510.0,https://www.moneycontrol.com/india/stockpricequote/diamondcuttingjewellerypreciousmetals/thangamayiljewellery/TJ,THANGAMAYL.NS
75,Oriental Hotels,Hotels,66.60,-1.45,-2.13,1189.0,https://www.moneycontrol.com/india/stockpricequote/hotels/orientalhotels/OH,ORIENTHOT.NS
76,Future Supply,Transport & Logistics,26.30,-0.60,-2.23,115.0,https://www.moneycontrol.com/india/stockpricequote/transportlogistics/futuresupplychainsolutions/FSC,FSC.NS
77,Orissa Bengal C,Transport & Logistics,102.55,-2.55,-2.43,216.0,https://www.moneycontrol.com/india/stockpricequote/transportlogistics/orissabengalcarrierltd/OBC01,OBCL.NS
78,Snowman Logist,Transport & Logistics,37.00,-1.05,-2.76,618.0,https://www.moneycontrol.com/india/stockpricequote/transportlogistics/snowmanlogistics/SL17,SNOWMAN.NS
79,Poly Medicure,Hospitals & Medical Services,872.25,-27.25,-3.03,8365.0,https://www.moneycontrol.com/india/stockpricequote/hospitalsmedicalservices/polymedicure/PM06,POLYMED.NS
80,Swan Energy,Trading,216.45,-6.85,-3.07,5712.0,https://www.moneycontrol.com/india/stockpricequote/trading/swanenergy/SM09,SWANENERGY.NS
81,The Byke Hosp,Hotels,47.95,-1.60,-3.23,192.0,https://www.moneycontrol.com/india/stockpricequote/hotels/thebykehospitality/SH12,BYKE.NS
82,Allcargo,Transport & Logistics,338.10,-11.55,-3.30,8307.0,https://www.moneycontrol.com/india/stockpricequote/transportlogistics/allcargologistics/AGL02,ALLCARGO.NS
83,Renaissance,Diamond Cutting & Jewellery & Precious Metals,114.60,-4.15,-3.49,1082.0,https://www.moneycontrol.com/india/stockpricequote/diamondcuttingjewellerypreciousmetals/renaissanceglobal/RJ,RGL.NS
84,EIH Assoc Hotel,Hotels,457.65,-19.80,-4.15,1394.0,https://www.moneycontrol.com/india/stockpricequote/hotels/eihassociatedhotels/EIH01,EIHAHOTELS.NS
85,Blue Coast,Hotels,6.55,-0.30,-4.38,8.0,https://www.moneycontrol.com/india/stockpricequote/hotels/bluecoasthotels/BCH,BLUECOAST.NS
86,Sical Logistics,Transport & Logistics,9.90,-0.50,-4.81,58.0,https://www.moneycontrol.com/india/stockpricequote/transportlogistics/sicallogistics/SL15,SICAL.NS
87,GE Shipping,Shipping,536.70,-30.10,-5.31,7662.0,https://www.moneycontrol.com/india/stockpricequote/shipping/greateasternshippingcompany/GES,GESHIP.NS
88,Essar Shipping,Shipping,9.10,-0.75,-7.61,188.0,https://www.moneycontrol.com/india/stockpricequote/shipping/essarshipping/ES10,ESSARSHPNG.NS
