,Stocks,Industry,LastPrice,Change,PctChange,MktCap,URL,Ticker
0,Vakrangee,Computers - Software Medium & Small,32.90,5.35,19.42,3486.0,https://www.moneycontrol.com/india/stockpricequote/computerssoftwaremediumsmall/vakrangee/VS,VAKRANGEE.NS
1,Compuage Info,Computers - Hardware,27.65,3.15,12.86,180.0,https://www.moneycontrol.com/india/stockpricequote/computershardware/compuageinfocom/CI29,COMPINFO.NS
2,R Systems Intl,Computers - Software Medium & Small,252.85,23.80,10.39,2991.0,https://www.moneycontrol.com/india/stockpricequote/computerssoftwaremediumsmall/rsystemsinternational/RSI01,RSYSTEMS.NS
3,Ducon Infratech,Computers - Software,15.95,1.45,10.00,415.0,https://www.moneycontrol.com/india/stockpricequote/computerssoftware/duconinfratechnologies/DT9,DUCON.NS
4,AXISCADES Techn,Computers - Software Medium & Small,151.05,13.55,9.85,574.0,https://www.moneycontrol.com/india/stockpricequote/computerssoftwaremediumsmall/axiscadestechnologies/AXI,AXISCADES.NS
5,Saksoft,Computers - Software,1094.10,81.60,8.06,1153.0,https://www.moneycontrol.com/india/stockpricequote/computerssoftware/saksoft/S12,SAKSOFT.NS
6,HCL Info,Computers - Hardware,18.30,1.25,7.33,602.0,https://www.moneycontrol.com/india/stockpricequote/computershardware/hclinfosystems/HCL,HCL-INSYS.NS
7,RS Software,Computers - Software Medium & Small,30.55,1.70,5.89,79.0,https://www.moneycontrol.com/india/stockpricequote/computerssoftwaremediumsmall/rssoftwareindia/RSS,RSSOFTWARE.NS
8,FCS Software,Computers - Software Medium & Small,3.15,0.15,5.00,539.0,https://www.moneycontrol.com/india/stockpricequote/computerssoftwaremediumsmall/fcssoftwaresolutions/FCS,FCSSOFT.NS
9,Kernex Micro,Computers - Software Medium & Small,264.10,12.55,4.99,364.0,https://www.moneycontrol.com/india/stockpricequote/computerssoftwaremediumsmall/kernexmicrosystemsindia/KMI,KERNEX.NS
10,Softtech Engine,Computers - Software,151.90,7.20,4.98,154.0,https://www.moneycontrol.com/india/stockpricequote/computerssoftware/softtechengineers/SE24,SOFTTECH.NS
11,Spacenet Ent,,20.05,0.95,4.97,1063.0,https://www.moneycontrol.com/india/stockpricequote/spacenetenterprisesindia/spacenetenterprisesindia/NCT,SPCENET.NS
12,Zee Learn,Computers - Software - Training,7.40,0.35,4.96,241.0,https://www.moneycontrol.com/india/stockpricequote/computerssoftwaretraining/zeelearn/ZL01,ZEELEARN.NS
13,Quintegra Solut,Computers - Software Medium & Small,1.20,0.05,4.35,3.0,https://www.moneycontrol.com/india/stockpricequote/computerssoftwaremediumsmall/quintegrasolutions/QS01,QUINTEGRA.NS
14,Cadsys India,Computers - Software Medium & Small,39.65,1.65,4.34,30.0,https://www.moneycontrol.com/india/stockpricequote/computerssoftwaremediumsmall/cadsysindia/CI51,CADSYS.NS
15,MT Educare,Computers - Software - Training,9.15,0.35,3.98,66.0,https://www.moneycontrol.com/india/stockpricequote/computerssoftwaretraining/mteducare/ME14,MTEDUCARE.NS
16,Tera Software,Computers - Software Medium & Small,43.75,1.60,3.80,55.0,https://www.moneycontrol.com/india/stockpricequote/computerssoftwaremediumsmall/terasoftware/TS14,TERASOFT.NS
17,Allied Digital,Computers - Software Medium & Small,114.45,3.30,2.97,624.0,https://www.moneycontrol.com/india/stockpricequote/computerssoftwaremediumsmall/allieddigitalservices/ADS01,ADSL.NS
18,Subex,,37.30,1.00,2.75,2096.0,https://www.moneycontrol.com/india/stockpricequote/subex/subex/S15,SUBEXLTD.NS
19,Intellect Desig,Computers - Software,614.05,16.05,2.68,8307.0,https://www.moneycontrol.com/india/stockpricequote/computerssoftware/intellectdesignarena/IDA,INTELLECT.NS
20,WE WIN,Computers - Software Medium & Small,44.10,1.10,2.56,45.0,https://www.moneycontrol.com/india/stockpricequote/computerssoftwaremediumsmall/wewinlimited/SBS01,WEWIN.NS
21,Inspirisys Solu,Computers - Software Medium & Small,59.80,1.40,2.40,237.0,https://www.moneycontrol.com/india/stockpricequote/computerssoftwaremediumsmall/inspirisyssolutions/AF29,INSPIRISYS.NS
22,Palred Tech,Computers - Software Medium & Small,139.75,3.20,2.34,148.0,https://www.moneycontrol.com/india/stockpricequote/computerssoftwaremediumsmall/palredtechnologies/FS05,PALREDTEC.NS
23,Datamatics Glob,Computers - Software Medium & Small,338.15,7.20,2.18,1993.0,https://www.moneycontrol.com/india/stockpricequote/computerssoftwaremediumsmall/datamaticsglobalservices/DGS01,DATAMATICS.NS
24,Silver Touch Te,Computers - Software,375.85,7.85,2.13,477.0,https://www.moneycontrol.com/india/stockpricequote/computerssoftware/silvertouchtechnologies/STT01,SILVERTUC.NS
25,Rolta,Computers - Software,4.85,0.10,2.11,80.0,https://www.moneycontrol.com/india/stockpricequote/computerssoftware/roltaindia/RI15,ROLTA.NS
26,63 Moons Tech,Computers - Software,185.15,3.50,1.93,853.0,https://www.moneycontrol.com/india/stockpricequote/computerssoftware/63moonstechnologies/FT02,63MOONS.NS
27,Tata Elxsi,Computers - Software,8872.85,165.60,1.90,55257.0,https://www.moneycontrol.com/india/stockpricequote/computerssoftware/tataelxsi/TE,TATAELXSI.NS
28,Redington,Computers - Hardware,150.00,2.55,1.73,11722.0,https://www.moneycontrol.com/india/stockpricequote/computershardware/redingtonindia/RI37,REDINGTON.NS
29,LCC Infotech,Computers - Software Medium & Small,2.95,0.05,1.72,37.0,https://www.moneycontrol.com/india/stockpricequote/computerssoftwaremediumsmall/lccinfotech/LCC,LCCINFOTEC.NS
30,Firstsource Sol,Computers - Software Medium & Small,106.25,1.50,1.43,7406.0,https://www.moneycontrol.com/india/stockpricequote/computerssoftwaremediumsmall/firstsourcesolutions/FS07,FSL.NS
31,HCL Tech,Computers - Software,936.00,11.55,1.25,253999.0,https://www.moneycontrol.com/india/stockpricequote/computerssoftware/hcltechnologies/HCL02,HCLTECH.NS
32,California Soft,Computers - Software Medium & Small,21.90,0.25,1.15,34.0,https://www.moneycontrol.com/india/stockpricequote/computerssoftwaremediumsmall/californiasoftware/CS15,CALSOFT.NS
33,Megasoft,,39.20,0.40,1.03,289.0,https://www.moneycontrol.com/india/stockpricequote/megasoft/megasoft/M08,MEGASOFT.NS
34,Cerebra Int,Computers - Hardware,49.40,0.50,1.02,599.0,https://www.moneycontrol.com/india/stockpricequote/computershardware/cerebraintegratedtechnologies/CIT,CEREBRAINT.NS
35,Aurum Proptech,Computers - Software Medium & Small,147.25,1.45,0.99,580.0,https://www.moneycontrol.com/india/stockpricequote/computerssoftwaremediumsmall/aurumproptech/M19,AURUM.NS
36,MphasiS,Computers - Software,2092.40,19.55,0.94,39412.0,https://www.moneycontrol.com/india/stockpricequote/computerssoftware/mphasis/MB02,MPHASIS.NS
37,Tech Mahindra,Computers - Software,1065.05,8.65,0.82,103621.0,https://www.moneycontrol.com/india/stockpricequote/computerssoftware/techmahindra/TM4,TECHM.NS
38,Intense Tech,Computers - Software Medium & Small,64.90,0.50,0.78,146.0,https://www.moneycontrol.com/india/stockpricequote/computerssoftwaremediumsmall/intensetechnologies/FI17,INTENTECH.NS
39,Zen Tech,,208.65,1.60,0.77,1659.0,https://www.moneycontrol.com/india/stockpricequote/zentechnologies/zentechnologies/ZT01,ZENTEC.NS
40,InfoBeans Tech,Computers - Software Medium & Small,647.55,4.75,0.74,1570.0,https://www.moneycontrol.com/india/stockpricequote/computerssoftwaremediumsmall/infobeanstechnologies/IT05,INFOBEAN.NS
41,HOV Services,Computers - Software Medium & Small,60.40,0.40,0.67,76.0,https://www.moneycontrol.com/india/stockpricequote/computerssoftwaremediumsmall/hovservices/HOV,HOVS.NS
42,Ramco System,Computers - Software,296.10,1.85,0.63,912.0,https://www.moneycontrol.com/india/stockpricequote/computerssoftware/ramcosystem/RS17,RAMCOSYS.NS
43,Xchanging Sol,Computers - Software Medium & Small,77.00,0.45,0.59,858.0,https://www.moneycontrol.com/india/stockpricequote/computerssoftwaremediumsmall/xchangingsolutions/CS20,XCHANGING.NS
44,Infosys,Computers - Software,1461.30,8.30,0.57,614874.0,https://www.moneycontrol.com/india/stockpricequote/computerssoftware/infosys/IT,INFY.NS
45,Aurionpro Solut,Computers - Software Medium & Small,328.15,1.70,0.52,748.0,https://www.moneycontrol.com/india/stockpricequote/computerssoftwaremediumsmall/aurionprosolutions/PS12,AURIONPRO.NS
46,Dev Information,Computers - Software,222.90,1.15,0.52,246.0,https://www.moneycontrol.com/india/stockpricequote/computerssoftware/devinformationtechnology/DIT02,DEVIT.NS
47,Sasken Tech,Computers - Software,823.70,4.20,0.51,1240.0,https://www.moneycontrol.com/india/stockpricequote/computerssoftware/saskentechnologies/SCT01,SASKEN.NS
48,Cybertech,Computers - Software Medium & Small,162.90,0.80,0.49,462.0,https://www.moneycontrol.com/india/stockpricequote/computerssoftwaremediumsmall/cybertechsystemssoftware/CSS,CYBERTECH.NS
49,Birlasoft,Computers - Software Medium & Small,322.50,1.55,0.48,9030.0,https://www.moneycontrol.com/india/stockpricequote/computerssoftwaremediumsmall/birlasoft/KPI02,BSOFT.NS
50,Expleo Solution,Computers - Software,1332.45,5.05,0.38,1366.0,https://www.moneycontrol.com/india/stockpricequote/computerssoftware/expleosolutions/TGS01,EXPLEOSOL.NS
51,eClerx Services,Computers - Software Medium & Small,2159.20,7.90,0.37,7304.0,https://www.moneycontrol.com/india/stockpricequote/computerssoftwaremediumsmall/eclerxservices/eS06,ECLERX.NS
52,COFORGE LTD.,Computers - Software,3475.15,7.55,0.22,21178.0,https://www.moneycontrol.com/india/stockpricequote/computerssoftware/coforgelimited/NII02,COFORGE.NS
53,Smartlink Net,Computers - Hardware,139.00,0.30,0.22,139.0,https://www.moneycontrol.com/india/stockpricequote/computershardware/smartlinkholdings/SNS01,SMARTLINK.NS
54,Tanla Platforms,Computers - Software Medium & Small,744.15,1.60,0.22,10102.0,https://www.moneycontrol.com/india/stockpricequote/computerssoftwaremediumsmall/tanlaplatforms/TS11,TANLA.NS
55,Zensar Tech,Computers - Software,230.75,0.45,0.20,5223.0,https://www.moneycontrol.com/india/stockpricequote/computerssoftware/zensartechnologies/ZT02,ZENSARTECH.NS
56,Quick Heal Tech,Computers - Software,216.20,0.30,0.14,1256.0,https://www.moneycontrol.com/india/stockpricequote/computerssoftware/quickhealtechnologies/QHT,QUICKHEAL.NS
57,TCS,Computers - Software,3133.40,3.00,0.10,1146527.0,https://www.moneycontrol.com/india/stockpricequote/computerssoftware/tataconsultancyservices/TCS,TCS.NS
58,Goldstone Tech,Computers - Software Medium & Small,53.55,0.05,0.09,185.0,https://www.moneycontrol.com/india/stockpricequote/computerssoftwaremediumsmall/goldstonetechnologies/GT04,GOLDTECH.NS
59,L&T Technology,Computers - Software,3644.55,3.20,0.09,38471.0,https://www.moneycontrol.com/india/stockpricequote/computerssoftware/lttechnologyservices/LTS,LTTS.NS
60,Cyient,Computers - Software,835.20,0.65,0.08,9227.0,https://www.moneycontrol.com/india/stockpricequote/computerssoftware/cyient/IE07,CYIENT.NS
61,Intrasoft Tech,Retail,163.35,0.05,0.03,241.0,https://www.moneycontrol.com/india/stockpricequote/retail/intrasofttechnologies/IT04,ISFT.NS
62,Educomp Sol,Computers - Software - Training,3.10,0.00,0.00,38.0,https://www.moneycontrol.com/india/stockpricequote/computerssoftwaretraining/educompsolutions/ES8,EDUCOMP.NS
63,GI Engineering,Computers - Software Medium & Small,5.05,0.00,0.00,4.0,https://www.moneycontrol.com/india/stockpricequote/computerssoftwaremediumsmall/giengineeringsolutions/GIE01,GISOLUTION.NS
64,Visesh Infotech,Computers - Software Medium & Small,0.70,0.00,0.00,264.0,https://www.moneycontrol.com/india/stockpricequote/computerssoftwaremediumsmall/viseshinfotechnics/VI15,VISESHINFO.NS
65,Nucleus Softwar,Computers - Software Medium & Small,403.25,-0.15,-0.04,1080.0,https://www.moneycontrol.com/india/stockpricequote/computerssoftwaremediumsmall/nucleussoftwareexports/NS,NUCLEUS.NS
66,NIIT,Computers - Software - Training,348.20,-0.20,-0.06,4678.0,https://www.moneycontrol.com/india/stockpricequote/computerssoftwaretraining/niit/NII,NIITLTD.NS
67,Cigniti Tech,Computers - Software Medium & Small,573.00,-0.75,-0.13,1564.0,https://www.moneycontrol.com/india/stockpricequote/computerssoftwaremediumsmall/cignititechnologies/CI42,CIGNITITEC.NS
68,Xelpmoc Design ,Computers - Software,167.65,-0.30,-0.18,243.0,https://www.moneycontrol.com/india/stockpricequote/computerssoftware/xelpmocdesigntech/XDT,XELPMOC.NS
69,Mindtree,Computers - Software,3203.65,-6.65,-0.21,52843.0,https://www.moneycontrol.com/india/stockpricequote/computerssoftware/mindtree/MT13,MINDTREE.NS
70,GSS Infotech,Computers - Software Medium & Small,216.15,-0.45,-0.21,366.0,https://www.moneycontrol.com/india/stockpricequote/computerssoftwaremediumsmall/gssinfotech/GAI05,GSS.NS
71,TVS Electronics,Computers - Hardware,308.10,-0.75,-0.24,575.0,https://www.moneycontrol.com/india/stockpricequote/computershardware/tvselectronics/TVS02,TVSELECT.NS
72,Accelya Kale,Computers - Software Medium & Small,1111.70,-3.60,-0.32,1659.0,https://www.moneycontrol.com/india/stockpricequote/computerssoftwaremediumsmall/accelyakalesolutions/KAL,ACCELYA.NS
73,Persistent,Computers - Software,3402.30,-12.15,-0.36,26002.0,https://www.moneycontrol.com/india/stockpricequote/computerssoftware/persistentsystems/PS15,PERSISTENT.NS
74,OnMobile Global,Telecommunications - Service,125.90,-0.55,-0.43,1333.0,https://www.moneycontrol.com/india/stockpricequote/telecommunicationsservice/onmobileglobal/OG01,ONMOBILE.NS
75,Mastek,Computers - Software,1864.90,-9.40,-0.50,5607.0,https://www.moneycontrol.com/india/stockpricequote/computerssoftware/mastek/M,MASTEK.NS
76,ALLSEC Tech,Computers - Software Medium & Small,520.05,-2.75,-0.53,792.0,https://www.moneycontrol.com/india/stockpricequote/computerssoftwaremediumsmall/allsectechnologies/ALL01,ALLSEC.NS
77,Wipro,Computers - Software,405.50,-2.20,-0.54,222410.0,https://www.moneycontrol.com/india/stockpricequote/computerssoftware/wipro/W,WIPRO.NS
78,Sonata,Computers - Software Medium & Small,716.05,-4.00,-0.56,7530.0,https://www.moneycontrol.com/india/stockpricequote/computerssoftwaremediumsmall/sonatasoftware/SS42,SONATSOFTW.NS
79,L&T Infotech,Computers - Software,4496.50,-25.50,-0.56,78835.0,https://www.moneycontrol.com/india/stockpricequote/computerssoftware/larsentoubroinfotech/LI12,LTI.NS
80,Excel Realty,Computers - Software Medium & Small,8.45,-0.05,-0.59,79.0,https://www.moneycontrol.com/india/stockpricequote/computerssoftwaremediumsmall/excelrealtyninfra/EI07,EXCEL.NS
81,Securekloud Tec,Computers - Software,55.95,-0.40,-0.71,187.0,https://www.moneycontrol.com/india/stockpricequote/computerssoftware/securekloudtechnologies/PMS01,SECURKLOUD.NS
82,Oracle Fin Serv,Computers - Software,3123.55,-24.15,-0.77,26976.0,https://www.moneycontrol.com/india/stockpricequote/computerssoftware/oraclefinancialservicessoftware/OFS01,OFSS.NS
83,3i Infotech,Computers - Software,47.15,-0.40,-0.84,794.0,https://www.moneycontrol.com/india/stockpricequote/computerssoftware/3iinfotech/I11,3IINFOLTD.NS
84,Nxtdigital,Media & Entertainment,459.20,-5.05,-1.09,1546.0,https://www.moneycontrol.com/india/stockpricequote/mediaentertainment/nxtdigital/HV,NXTDIGITAL.NS
85,Dynacons Sys,Computers - Software Medium & Small,282.90,-3.15,-1.10,319.0,https://www.moneycontrol.com/india/stockpricequote/computerssoftwaremediumsmall/dynaconssystemssolutions/DSS01,DSSL.NS
86,Newgen Software,Computers - Software,390.10,-4.45,-1.13,2729.0,https://www.moneycontrol.com/india/stockpricequote/computerssoftware/newgensoftwaretechnologies/NST01,NEWGEN.NS
87,MRO-TEK,Computers - Hardware,63.80,-0.75,-1.16,119.0,https://www.moneycontrol.com/india/stockpricequote/computershardware/mrotekrealty/MRO,MRO-TEK.NS
88,Brightcom Group,Computers - Software Medium & Small,42.50,-0.50,-1.16,8576.0,https://www.moneycontrol.com/india/stockpricequote/computerssoftwaremediumsmall/brightcomgroup/LGS,BCG.NS
89,Kellton Tech,Computers - Software Medium & Small,70.10,-0.85,-1.20,676.0,https://www.moneycontrol.com/india/stockpricequote/computerssoftwaremediumsmall/kelltontechsolutions/VMF,KELLTONTEC.NS
90,BLACK BOX,Computers - Software,128.70,-1.60,-1.23,2161.0,https://www.moneycontrol.com/india/stockpricequote/computerssoftware/blackbox/AGC,BBOX.NS
91,Mindteck,Computers - Software,140.45,-1.85,-1.30,362.0,https://www.moneycontrol.com/india/stockpricequote/computerssoftware/mindteckindia/MI35,MINDTECK.NS
92,Tree House,Computers - Software - Training,14.25,-0.20,-1.38,60.0,https://www.moneycontrol.com/india/stockpricequote/computerssoftwaretraining/treehouseeducationaccessories/THE01,TREEHOUSE.NS
93,Career Point,Computers - Software - Training,131.70,-1.90,-1.42,240.0,https://www.moneycontrol.com/india/stockpricequote/computerssoftwaretraining/careerpoint/CPI05,CAREERP.NS
94,Digispice Tech,Telecommunications - Equipment,29.50,-0.45,-1.50,682.0,https://www.moneycontrol.com/india/stockpricequote/telecommunicationsequipment/digispicetechnologies/S13,DIGISPICE.NS
95,Genesys Int,Computers - Software Medium & Small,599.20,-9.90,-1.63,2209.0,https://www.moneycontrol.com/india/stockpricequote/computerssoftwaremediumsmall/genesysinternationalcorporation/GIC10,GENESYS.NS
96,IZMO,Computers - Software Medium & Small,72.25,-1.20,-1.63,97.0,https://www.moneycontrol.com/india/stockpricequote/computerssoftwaremediumsmall/izmo/LM02,IZMO.NS
97,Hinduja Global,Computers - Software,1398.90,-24.45,-1.72,5847.0,https://www.moneycontrol.com/india/stockpricequote/computerssoftware/hindujaglobalsolutions/HGS01,HGS.NS
98,Usha Martin Edu,Computers - Software Medium & Small,4.65,-0.10,-2.11,12.0,https://www.moneycontrol.com/india/stockpricequote/computerssoftwaremediumsmall/ushamartineducationsolutions/UMI02,UMESLTD.NS
99,Onward Tech,Computers - Software Medium & Small,248.05,-5.60,-2.21,549.0,https://www.moneycontrol.com/india/stockpricequote/computerssoftwaremediumsmall/onwardtechnologies/OT,ONWARDTEC.NS
100,E2E Networks,IT Services & Consulting,198.00,-4.65,-2.29,287.0,https://www.moneycontrol.com/india/stockpricequote/itservicesconsulting/e2enetworks/EN,E2E.NS
101,Cambridge Tech,Computers - Software Medium & Small,74.00,-1.75,-2.31,145.0,https://www.moneycontrol.com/india/stockpricequote/computerssoftwaremediumsmall/cambridgetechnologyenterprises/CTE,CTE.NS
102,Trigyn Tech,Computers - Software Medium & Small,102.35,-2.55,-2.43,315.0,https://www.moneycontrol.com/india/stockpricequote/computerssoftwaremediumsmall/trigyntechnologies/TT08,TRIGYN.NS
103,Compucom Soft,Computers - Software Medium & Small,24.55,-0.65,-2.58,194.0,https://www.moneycontrol.com/india/stockpricequote/computerssoftwaremediumsmall/compucomsoftware/CS14,COMPUSOFT.NS
104,Aptech,Computers - Software - Training,255.40,-7.75,-2.95,1057.0,https://www.moneycontrol.com/india/stockpricequote/computerssoftwaretraining/aptech/A11,APTECHT.NS
105,Melstar Info,Computers - Software Medium & Small,2.40,-0.10,-4.00,3.0,https://www.moneycontrol.com/india/stockpricequote/computerssoftwaremediumsmall/melstarinfotech/MI34,MELSTAR.NS
